{
  "pred": 1,
  "conf": 0.3915180563926697,
  "notified_conf": 0.0,
  "ts": "2026-07-06 14:10",
  "btc_price": 61890.01,
  "live_price": 61956.3,
  "probs": [
    0.30819159746170044,
    0.3915180563926697,
    0.30029037594795227
  ],
  "equity": 100.0,
  "paper_trade": {
    "open": false
  },
  "trade_log": []
}