{
  "pred": 2,
  "conf": 0.3722077012062073,
  "notified_conf": 0.0,
  "ts": "2026-07-06 10:55",
  "btc_price": 62822.01,
  "live_price": 62816.22,
  "probs": [
    0.3258655071258545,
    0.30192676186561584,
    0.3722077012062073
  ],
  "equity": 100.0,
  "paper_trade": {
    "open": false
  },
  "trade_log": []
}