{
  "pred": 1,
  "conf": 0.3858738839626312,
  "notified_conf": 0.0,
  "ts": "2026-07-08 07:05",
  "btc_price": 62583.99,
  "live_price": 62587.51,
  "probs": [
    0.3058478832244873,
    0.3858738839626312,
    0.30827823281288147
  ],
  "equity": 100.0,
  "paper_trade": {
    "open": false
  },
  "trade_log": []
}