{
  "pred": 2,
  "conf": 0.4705866575241089,
  "notified_conf": 0.0,
  "ts": "2026-07-06 01:00",
  "btc_price": 63761.99,
  "live_price": 63718.0,
  "probs": [
    0.34627625346183777,
    0.18313713371753693,
    0.4705866575241089
  ],
  "equity": 100.0,
  "paper_trade": {
    "open": false
  },
  "trade_log": []
}