{
  "pred": 0,
  "conf": 0.35506847500801086,
  "notified_conf": 0.0,
  "ts": "2026-07-06 19:05",
  "btc_price": 63664.87,
  "live_price": 63709.63,
  "probs": [
    0.35506847500801086,
    0.34633946418762207,
    0.29859206080436707
  ],
  "equity": 100.0,
  "paper_trade": {
    "open": false
  },
  "trade_log": []
}