{
  "pred": 2,
  "conf": 0.3637397885322571,
  "notified_conf": 0.0,
  "ts": "2026-07-07 23:40",
  "btc_price": 63551.99,
  "live_price": 63551.99,
  "probs": [
    0.29271939396858215,
    0.34354084730148315,
    0.3637397885322571
  ],
  "equity": 100.0,
  "paper_trade": {
    "open": false
  },
  "trade_log": []
}