{
  "pred": 2,
  "conf": 0.5485989451408386,
  "notified_conf": 0.0,
  "ts": "2026-07-05 21:30",
  "btc_price": 62922.01,
  "live_price": 62929.9,
  "probs": [
    0.30039262771606445,
    0.1510084718465805,
    0.5485989451408386
  ],
  "equity": 100.0,
  "paper_trade": {
    "open": false
  },
  "trade_log": []
}