{
  "pred": 0,
  "conf": 0.4064684808254242,
  "notified_conf": 0.0,
  "ts": "2026-07-06 22:55",
  "btc_price": 64210.0,
  "live_price": 64228.96,
  "probs": [
    0.4064684808254242,
    0.3199383318424225,
    0.27359312772750854
  ],
  "equity": 100.0,
  "paper_trade": {
    "open": false
  },
  "trade_log": []
}