{
  "pred": 1,
  "conf": 0.4014783799648285,
  "notified_conf": 0.0,
  "ts": "2026-07-06 14:45",
  "btc_price": 62048.0,
  "live_price": 62061.97,
  "probs": [
    0.28320199251174927,
    0.4014783799648285,
    0.315319687128067
  ],
  "equity": 100.0,
  "paper_trade": {
    "open": false
  },
  "trade_log": []
}