{
  "pred": 0,
  "conf": 0.388274610042572,
  "notified_conf": 0.0,
  "ts": "2026-07-07 16:15",
  "btc_price": 63870.01,
  "live_price": 63912.0,
  "probs": [
    0.388274610042572,
    0.3456617593765259,
    0.2660636007785797
  ],
  "equity": 100.0,
  "paper_trade": {
    "open": false
  },
  "trade_log": []
}