{
  "pred": 2,
  "conf": 0.411362886428833,
  "notified_conf": 0.0,
  "ts": "2026-07-05 22:50",
  "btc_price": 63570.45,
  "live_price": 63627.18,
  "probs": [
    0.39496371150016785,
    0.19367341697216034,
    0.411362886428833
  ],
  "equity": 100.0,
  "paper_trade": {
    "open": false
  },
  "trade_log": []
}