{
  "pred": 2,
  "conf": 0.5426223278045654,
  "notified_conf": 0.0,
  "ts": "2026-07-05 16:50",
  "btc_price": 62623.06,
  "live_price": 62618.0,
  "probs": [
    0.2515932321548462,
    0.2057843953371048,
    0.5426223278045654
  ],
  "equity": 100.0,
  "paper_trade": {
    "open": false
  },
  "trade_log": []
}