{
  "pred": 1,
  "conf": 0.36938977241516113,
  "notified_conf": 0.0,
  "ts": "2026-07-08 04:15",
  "btc_price": 62799.28,
  "live_price": 62803.22,
  "probs": [
    0.3039415180683136,
    0.36938977241516113,
    0.32666870951652527
  ],
  "equity": 100.0,
  "paper_trade": {
    "open": false
  },
  "trade_log": []
}