{
  "pred": 1,
  "conf": 0.3526865541934967,
  "notified_conf": 0.0,
  "ts": "2026-07-07 19:55",
  "btc_price": 63844.0,
  "live_price": 63800.01,
  "probs": [
    0.333318293094635,
    0.3526865541934967,
    0.3139951527118683
  ],
  "equity": 100.0,
  "paper_trade": {
    "open": false
  },
  "trade_log": []
}