{
  "pred": 1,
  "conf": 0.35428550839424133,
  "notified_conf": 0.0,
  "ts": "2026-07-08 03:20",
  "btc_price": 62990.0,
  "live_price": 63012.76,
  "probs": [
    0.32706695795059204,
    0.35428550839424133,
    0.31864750385284424
  ],
  "equity": 100.0,
  "paper_trade": {
    "open": false
  },
  "trade_log": []
}