{
  "pred": 2,
  "conf": 0.585272490978241,
  "notified_conf": 0.0,
  "ts": "2026-07-05 19:50",
  "btc_price": 62784.0,
  "live_price": 62776.01,
  "probs": [
    0.27893340587615967,
    0.13579407334327698,
    0.585272490978241
  ],
  "equity": 100.0,
  "paper_trade": {
    "open": false
  },
  "trade_log": []
}