{
  "pred": 0,
  "conf": 0.37352314591407776,
  "notified_conf": 0.0,
  "ts": "2026-07-06 18:05",
  "btc_price": 63737.99,
  "live_price": 63717.97,
  "probs": [
    0.37352314591407776,
    0.3633611798286438,
    0.26311564445495605
  ],
  "equity": 100.0,
  "paper_trade": {
    "open": false
  },
  "trade_log": []
}