{
  "pred": 1,
  "conf": 0.38214585185050964,
  "notified_conf": 0.0,
  "ts": "2026-07-08 10:05",
  "btc_price": 61955.84,
  "live_price": 61932.0,
  "probs": [
    0.33830520510673523,
    0.38214585185050964,
    0.2795489430427551
  ],
  "equity": 100.0,
  "paper_trade": {
    "open": false
  },
  "trade_log": []
}