{
  "pred": 1,
  "conf": 0.40122559666633606,
  "notified_conf": 0.0,
  "ts": "2026-07-06 15:45",
  "btc_price": 62912.31,
  "live_price": 62841.99,
  "probs": [
    0.3535512685775757,
    0.40122559666633606,
    0.24522319436073303
  ],
  "equity": 100.0,
  "paper_trade": {
    "open": false
  },
  "trade_log": []
}