{
  "pred": 2,
  "conf": 0.42111676931381226,
  "notified_conf": 0.0,
  "ts": "2026-07-06 09:30",
  "btc_price": 62752.0,
  "live_price": 62727.98,
  "probs": [
    0.2866574823856354,
    0.29222574830055237,
    0.42111676931381226
  ],
  "equity": 100.0,
  "paper_trade": {
    "open": false
  },
  "trade_log": []
}