{
  "pred": 2,
  "conf": 0.48787474632263184,
  "notified_conf": 0.0,
  "ts": "2026-07-05 17:45",
  "btc_price": 62606.01,
  "live_price": 62632.0,
  "probs": [
    0.2847793698310852,
    0.22734592854976654,
    0.48787474632263184
  ],
  "equity": 100.0,
  "paper_trade": {
    "open": false
  },
  "trade_log": []
}