{
  "pred": 1,
  "conf": 0.3679886758327484,
  "notified_conf": 0.0,
  "ts": "2026-07-06 14:20",
  "btc_price": 61829.99,
  "live_price": 61987.91,
  "probs": [
    0.3232857584953308,
    0.3679886758327484,
    0.308725506067276
  ],
  "equity": 100.0,
  "paper_trade": {
    "open": false
  },
  "trade_log": []
}