{
  "pred": 2,
  "conf": 0.3652390241622925,
  "notified_conf": 0.0,
  "ts": "2026-07-08 01:00",
  "btc_price": 63612.77,
  "live_price": 63608.0,
  "probs": [
    0.2950105667114258,
    0.3397504389286041,
    0.3652390241622925
  ],
  "equity": 100.0,
  "paper_trade": {
    "open": false
  },
  "trade_log": []
}