{
  "pred": 2,
  "conf": 0.48801636695861816,
  "notified_conf": 0.0,
  "ts": "2026-07-05 21:50",
  "btc_price": 62962.79,
  "live_price": 62969.22,
  "probs": [
    0.33902695775032043,
    0.1729566603899002,
    0.48801636695861816
  ],
  "equity": 100.0,
  "paper_trade": {
    "open": false
  },
  "trade_log": []
}