{
  "pred": 1,
  "conf": 0.3856964409351349,
  "notified_conf": 0.0,
  "ts": "2026-07-06 15:40",
  "btc_price": 62374.0,
  "live_price": 62667.99,
  "probs": [
    0.31776532530784607,
    0.3856964409351349,
    0.2965382933616638
  ],
  "equity": 100.0,
  "paper_trade": {
    "open": false
  },
  "trade_log": []
}