{
  "pred": 2,
  "conf": 0.3528921902179718,
  "notified_conf": 0.0,
  "ts": "2026-07-06 11:05",
  "btc_price": 62877.25,
  "live_price": 62838.01,
  "probs": [
    0.3449324369430542,
    0.3021753430366516,
    0.3528921902179718
  ],
  "equity": 100.0,
  "paper_trade": {
    "open": false
  },
  "trade_log": []
}