{
  "pred": 1,
  "conf": 0.3938153088092804,
  "notified_conf": 0.0,
  "ts": "2026-07-07 14:20",
  "btc_price": 63038.0,
  "live_price": 63070.31,
  "probs": [
    0.3286619186401367,
    0.3938153088092804,
    0.2775227725505829
  ],
  "equity": 100.0,
  "paper_trade": {
    "open": false
  },
  "trade_log": []
}