{
  "pred": 0,
  "conf": 0.39401981234550476,
  "notified_conf": 0.0,
  "ts": "2026-07-07 17:20",
  "btc_price": 63976.65,
  "live_price": 64089.05,
  "probs": [
    0.39401981234550476,
    0.34296002984046936,
    0.26302021741867065
  ],
  "equity": 100.0,
  "paper_trade": {
    "open": false
  },
  "trade_log": []
}