{
  "pred": 1,
  "conf": 0.36110177636146545,
  "notified_conf": 0.0,
  "ts": "2026-07-07 21:45",
  "btc_price": 63402.22,
  "live_price": 63509.99,
  "probs": [
    0.3262091875076294,
    0.36110177636146545,
    0.31268906593322754
  ],
  "equity": 100.0,
  "paper_trade": {
    "open": false
  },
  "trade_log": []
}