{
  "pred": 1,
  "conf": 0.3402501344680786,
  "notified_conf": 0.0,
  "ts": "2026-07-07 03:50",
  "btc_price": 63174.81,
  "live_price": 63196.0,
  "probs": [
    0.3272401988506317,
    0.3402501344680786,
    0.3325096368789673
  ],
  "equity": 100.0,
  "paper_trade": {
    "open": false
  },
  "trade_log": []
}