{
  "pred": 2,
  "conf": 0.3645946979522705,
  "notified_conf": 0.0,
  "ts": "2026-07-07 00:10",
  "btc_price": 64030.62,
  "live_price": 64039.99,
  "probs": [
    0.32553818821907043,
    0.30986708402633667,
    0.3645946979522705
  ],
  "equity": 100.0,
  "paper_trade": {
    "open": false
  },
  "trade_log": []
}