{
  "pred": 1,
  "conf": 0.3925011456012726,
  "notified_conf": 0.0,
  "ts": "2026-07-08 07:45",
  "btc_price": 62826.0,
  "live_price": 62818.82,
  "probs": [
    0.2990717887878418,
    0.3925011456012726,
    0.3084270656108856
  ],
  "equity": 100.0,
  "paper_trade": {
    "open": false
  },
  "trade_log": []
}