{
  "pred": 1,
  "conf": 0.38530850410461426,
  "notified_conf": 0.0,
  "ts": "2026-07-06 14:05",
  "btc_price": 61854.0,
  "live_price": 61860.01,
  "probs": [
    0.31149885058403015,
    0.38530850410461426,
    0.3031926155090332
  ],
  "equity": 100.0,
  "paper_trade": {
    "open": false
  },
  "trade_log": []
}