{
  "pred": 0,
  "conf": 0.3614114820957184,
  "notified_conf": 0.0,
  "ts": "2026-07-07 18:50",
  "btc_price": 63916.0,
  "live_price": 63776.0,
  "probs": [
    0.3614114820957184,
    0.3399381935596466,
    0.29865026473999023
  ],
  "equity": 100.0,
  "paper_trade": {
    "open": false
  },
  "trade_log": []
}