{
  "pred": 0,
  "conf": 0.3813844621181488,
  "notified_conf": 0.0,
  "ts": "2026-07-06 21:55",
  "btc_price": 64445.99,
  "live_price": 64406.0,
  "probs": [
    0.3813844621181488,
    0.3718215823173523,
    0.2467939257621765
  ],
  "equity": 100.0,
  "paper_trade": {
    "open": false
  },
  "trade_log": []
}