{
  "pred": 1,
  "conf": 0.37725508213043213,
  "notified_conf": 0.0,
  "ts": "2026-07-07 19:35",
  "btc_price": 63783.8,
  "live_price": 63745.99,
  "probs": [
    0.3126082718372345,
    0.37725508213043213,
    0.3101365566253662
  ],
  "equity": 100.0,
  "paper_trade": {
    "open": false
  },
  "trade_log": []
}