{
  "pred": 1,
  "conf": 0.3742446005344391,
  "notified_conf": 0.0,
  "ts": "2026-07-07 15:40",
  "btc_price": 63848.01,
  "live_price": 63846.0,
  "probs": [
    0.37188106775283813,
    0.3742446005344391,
    0.25387436151504517
  ],
  "equity": 100.0,
  "paper_trade": {
    "open": false
  },
  "trade_log": []
}