{
  "pred": 2,
  "conf": 0.5168426036834717,
  "notified_conf": 0.0,
  "ts": "2026-07-06 02:30",
  "btc_price": 63522.01,
  "live_price": 63516.31,
  "probs": [
    0.3040713369846344,
    0.17908601462841034,
    0.5168426036834717
  ],
  "equity": 100.0,
  "paper_trade": {
    "open": false
  },
  "trade_log": []
}