{
  "pred": 1,
  "conf": 0.3424299657344818,
  "notified_conf": 0.0,
  "ts": "2026-07-06 13:05",
  "btc_price": 61608.3,
  "live_price": 61604.02,
  "probs": [
    0.33431604504585266,
    0.3424299657344818,
    0.3232539892196655
  ],
  "equity": 100.0,
  "paper_trade": {
    "open": false
  },
  "trade_log": []
}