{
  "pred": 1,
  "conf": 0.35730063915252686,
  "notified_conf": 0.0,
  "ts": "2026-07-08 02:25",
  "btc_price": 62923.53,
  "live_price": 62878.01,
  "probs": [
    0.33873775601387024,
    0.35730063915252686,
    0.3039615750312805
  ],
  "equity": 100.0,
  "paper_trade": {
    "open": false
  },
  "trade_log": []
}