{
  "pred": 0,
  "conf": 0.3560929000377655,
  "notified_conf": 0.0,
  "ts": "2026-07-06 20:25",
  "btc_price": 63667.51,
  "live_price": 63761.92,
  "probs": [
    0.3560929000377655,
    0.3420635163784027,
    0.3018435835838318
  ],
  "equity": 100.0,
  "paper_trade": {
    "open": false
  },
  "trade_log": []
}