{
  "pred": 1,
  "conf": 0.39412757754325867,
  "notified_conf": 0.0,
  "ts": "2026-07-08 08:00",
  "btc_price": 62888.35,
  "live_price": 62887.99,
  "probs": [
    0.29607051610946655,
    0.39412757754325867,
    0.30980196595191956
  ],
  "equity": 100.0,
  "paper_trade": {
    "open": false
  },
  "trade_log": []
}