{
  "pred": 1,
  "conf": 0.3741151690483093,
  "notified_conf": 0.0,
  "ts": "2026-07-06 21:10",
  "btc_price": 64423.77,
  "live_price": 64543.99,
  "probs": [
    0.3731488287448883,
    0.3741151690483093,
    0.2527359426021576
  ],
  "equity": 100.0,
  "paper_trade": {
    "open": false
  },
  "trade_log": []
}