{
  "pred": 2,
  "conf": 0.5176140666007996,
  "notified_conf": 0.0,
  "ts": "2026-07-05 16:20",
  "btc_price": 62721.67,
  "live_price": 62668.01,
  "probs": [
    0.299221396446228,
    0.1831645965576172,
    0.5176140666007996
  ],
  "equity": 100.0,
  "paper_trade": {
    "open": false
  },
  "trade_log": []
}