{
  "pred": 1,
  "conf": 0.3512759208679199,
  "notified_conf": 0.0,
  "ts": "2026-07-07 05:15",
  "btc_price": 62819.99,
  "live_price": 62916.46,
  "probs": [
    0.34836825728416443,
    0.3512759208679199,
    0.30035579204559326
  ],
  "equity": 100.0,
  "paper_trade": {
    "open": false
  },
  "trade_log": []
}