{
  "pred": 1,
  "conf": 0.36699673533439636,
  "notified_conf": 0.0,
  "ts": "2026-07-08 03:05",
  "btc_price": 63040.0,
  "live_price": 62998.0,
  "probs": [
    0.3022706210613251,
    0.36699673533439636,
    0.33073267340660095
  ],
  "equity": 100.0,
  "paper_trade": {
    "open": false
  },
  "trade_log": []
}