{
  "pred": 0,
  "conf": 0.3791768252849579,
  "notified_conf": 0.0,
  "ts": "2026-07-06 19:50",
  "btc_price": 63834.0,
  "live_price": 63806.0,
  "probs": [
    0.3791768252849579,
    0.3422465920448303,
    0.2785765826702118
  ],
  "equity": 100.0,
  "paper_trade": {
    "open": false
  },
  "trade_log": []
}