{
  "pred": 1,
  "conf": 0.3870043158531189,
  "notified_conf": 0.0,
  "ts": "2026-07-07 15:30",
  "btc_price": 63752.01,
  "live_price": 63745.98,
  "probs": [
    0.3570367693901062,
    0.3870043158531189,
    0.2559589147567749
  ],
  "equity": 100.0,
  "paper_trade": {
    "open": false
  },
  "trade_log": []
}