{
  "pred": 1,
  "conf": 0.44264763593673706,
  "notified_conf": 0.0,
  "ts": "2026-07-08 10:55",
  "btc_price": 62167.57,
  "live_price": 62157.12,
  "probs": [
    0.2591487765312195,
    0.44264763593673706,
    0.29820358753204346
  ],
  "equity": 100.0,
  "paper_trade": {
    "open": false
  },
  "trade_log": []
}