{
  "pred": 1,
  "conf": 0.3418819308280945,
  "notified_conf": 0.0,
  "ts": "2026-07-07 03:30",
  "btc_price": 63292.2,
  "live_price": 63312.01,
  "probs": [
    0.3287436068058014,
    0.3418819308280945,
    0.3293744623661041
  ],
  "equity": 100.0,
  "paper_trade": {
    "open": false
  },
  "trade_log": []
}