{
  "pred": 1,
  "conf": 0.3604547083377838,
  "notified_conf": 0.0,
  "ts": "2026-07-06 18:40",
  "btc_price": 63806.0,
  "live_price": 63808.0,
  "probs": [
    0.35916703939437866,
    0.3604547083377838,
    0.2803782522678375
  ],
  "equity": 100.0,
  "paper_trade": {
    "open": false
  },
  "trade_log": []
}