{
  "pred": 2,
  "conf": 0.3561907410621643,
  "notified_conf": 0.0,
  "ts": "2026-07-06 11:20",
  "btc_price": 62859.99,
  "live_price": 62900.56,
  "probs": [
    0.34441012144088745,
    0.29939913749694824,
    0.3561907410621643
  ],
  "equity": 100.0,
  "paper_trade": {
    "open": false
  },
  "trade_log": []
}