{
  "pred": 0,
  "conf": 0.3702540099620819,
  "notified_conf": 0.0,
  "ts": "2026-07-07 18:55",
  "btc_price": 63760.38,
  "live_price": 63680.01,
  "probs": [
    0.3702540099620819,
    0.3421960473060608,
    0.2875500023365021
  ],
  "equity": 100.0,
  "paper_trade": {
    "open": false
  },
  "trade_log": []
}