{
  "pred": 1,
  "conf": 0.380969375371933,
  "notified_conf": 0.0,
  "ts": "2026-07-08 08:25",
  "btc_price": 62213.99,
  "live_price": 62105.99,
  "probs": [
    0.36411598324775696,
    0.380969375371933,
    0.25491467118263245
  ],
  "equity": 100.0,
  "paper_trade": {
    "open": false
  },
  "trade_log": []
}