{
  "pred": 1,
  "conf": 0.3738500773906708,
  "notified_conf": 0.0,
  "ts": "2026-07-08 03:30",
  "btc_price": 63053.81,
  "live_price": 62949.86,
  "probs": [
    0.29053521156311035,
    0.3738500773906708,
    0.33561471104621887
  ],
  "equity": 100.0,
  "paper_trade": {
    "open": false
  },
  "trade_log": []
}