{
  "pred": 2,
  "conf": 0.5050064325332642,
  "notified_conf": 0.0,
  "ts": "2026-07-06 02:20",
  "btc_price": 63491.7,
  "live_price": 63542.01,
  "probs": [
    0.3068123757839203,
    0.18818120658397675,
    0.5050064325332642
  ],
  "equity": 100.0,
  "paper_trade": {
    "open": false
  },
  "trade_log": []
}