{
  "pred": 1,
  "conf": 0.3517729938030243,
  "notified_conf": 0.0,
  "ts": "2026-07-07 21:40",
  "btc_price": 63375.63,
  "live_price": 63388.01,
  "probs": [
    0.3512711524963379,
    0.3517729938030243,
    0.296955943107605
  ],
  "equity": 100.0,
  "paper_trade": {
    "open": false
  },
  "trade_log": []
}