{
  "pred": 1,
  "conf": 0.39628541469573975,
  "notified_conf": 0.0,
  "ts": "2026-07-07 11:10",
  "btc_price": 63190.0,
  "live_price": 63156.71,
  "probs": [
    0.30799776315689087,
    0.39628541469573975,
    0.2957167625427246
  ],
  "equity": 100.0,
  "paper_trade": {
    "open": false
  },
  "trade_log": []
}