{
  "pred": 2,
  "conf": 0.49121028184890747,
  "notified_conf": 0.0,
  "ts": "2026-07-06 00:55",
  "btc_price": 63648.0,
  "live_price": 63649.98,
  "probs": [
    0.35690027475357056,
    0.15188950300216675,
    0.49121028184890747
  ],
  "equity": 100.0,
  "paper_trade": {
    "open": false
  },
  "trade_log": []
}