{
  "pred": 1,
  "conf": 0.39966168999671936,
  "notified_conf": 0.0,
  "ts": "2026-07-06 15:05",
  "btc_price": 62218.0,
  "live_price": 62318.0,
  "probs": [
    0.3117460608482361,
    0.39966168999671936,
    0.2885921895503998
  ],
  "equity": 100.0,
  "paper_trade": {
    "open": false
  },
  "trade_log": []
}