{
  "pred": 2,
  "conf": 0.4992559254169464,
  "notified_conf": 0.0,
  "ts": "2026-07-06 06:20",
  "btc_price": 63066.01,
  "live_price": 63040.0,
  "probs": [
    0.27906280755996704,
    0.22168126702308655,
    0.4992559254169464
  ],
  "equity": 100.0,
  "paper_trade": {
    "open": false
  },
  "trade_log": []
}