{
  "pred": 1,
  "conf": 0.38348448276519775,
  "notified_conf": 0.0,
  "ts": "2026-07-07 08:20",
  "btc_price": 63162.31,
  "live_price": 63156.84,
  "probs": [
    0.3274637460708618,
    0.38348448276519775,
    0.28905174136161804
  ],
  "equity": 100.0,
  "paper_trade": {
    "open": false
  },
  "trade_log": []
}