{
  "pred": 2,
  "conf": 0.4868937134742737,
  "notified_conf": 0.0,
  "ts": "2026-07-06 02:15",
  "btc_price": 63455.72,
  "live_price": 63446.0,
  "probs": [
    0.29748740792274475,
    0.2156188040971756,
    0.4868937134742737
  ],
  "equity": 100.0,
  "paper_trade": {
    "open": false
  },
  "trade_log": []
}