{
  "pred": 1,
  "conf": 0.350345641374588,
  "notified_conf": 0.0,
  "ts": "2026-07-07 04:10",
  "btc_price": 63200.0,
  "live_price": 63245.0,
  "probs": [
    0.31304478645324707,
    0.350345641374588,
    0.33660954236984253
  ],
  "equity": 100.0,
  "paper_trade": {
    "open": false
  },
  "trade_log": []
}