{
  "pred": 2,
  "conf": 0.49792245030403137,
  "notified_conf": 0.0,
  "ts": "2026-07-05 17:35",
  "btc_price": 62690.95,
  "live_price": 62679.36,
  "probs": [
    0.2980195879936218,
    0.2040579468011856,
    0.49792245030403137
  ],
  "equity": 100.0,
  "paper_trade": {
    "open": false
  },
  "trade_log": []
}