{
  "pred": 2,
  "conf": 0.42872384190559387,
  "notified_conf": 0.0,
  "ts": "2026-07-05 23:40",
  "btc_price": 63655.78,
  "live_price": 63699.99,
  "probs": [
    0.37898778915405273,
    0.19228830933570862,
    0.42872384190559387
  ],
  "equity": 100.0,
  "paper_trade": {
    "open": false
  },
  "trade_log": []
}