{
  "pred": 0,
  "conf": 0.4041058123111725,
  "notified_conf": 0.0,
  "ts": "2026-07-07 17:55",
  "btc_price": 64188.69,
  "live_price": 64166.0,
  "probs": [
    0.4041058123111725,
    0.3300417363643646,
    0.2658523917198181
  ],
  "equity": 100.0,
  "paper_trade": {
    "open": false
  },
  "trade_log": []
}