{
  "pred": 1,
  "conf": 0.4170761704444885,
  "notified_conf": 0.0,
  "ts": "2026-07-08 07:25",
  "btc_price": 62738.18,
  "live_price": 62802.0,
  "probs": [
    0.2775581181049347,
    0.4170761704444885,
    0.3053657114505768
  ],
  "equity": 100.0,
  "paper_trade": {
    "open": false
  },
  "trade_log": []
}