{
  "pred": 1,
  "conf": 0.3804715573787689,
  "notified_conf": 0.0,
  "ts": "2026-07-08 08:30",
  "btc_price": 62084.01,
  "live_price": 62133.66,
  "probs": [
    0.3646549582481384,
    0.3804715573787689,
    0.25487348437309265
  ],
  "equity": 100.0,
  "paper_trade": {
    "open": false
  },
  "trade_log": []
}