{
  "pred": 2,
  "conf": 0.567135751247406,
  "notified_conf": 0.0,
  "ts": "2026-07-06 00:35",
  "btc_price": 63478.9,
  "live_price": 63556.73,
  "probs": [
    0.29627513885498047,
    0.13658908009529114,
    0.567135751247406
  ],
  "equity": 100.0,
  "paper_trade": {
    "open": false
  },
  "trade_log": []
}