{
  "pred": 2,
  "conf": 0.5839071273803711,
  "notified_conf": 0.0,
  "ts": "2026-07-05 20:30",
  "btc_price": 62720.0,
  "live_price": 62720.21,
  "probs": [
    0.2594403326511383,
    0.15665259957313538,
    0.5839071273803711
  ],
  "equity": 100.0,
  "paper_trade": {
    "open": false
  },
  "trade_log": []
}