{
  "pred": 1,
  "conf": 0.4280005991458893,
  "notified_conf": 0.0,
  "ts": "2026-07-08 10:35",
  "btc_price": 62146.92,
  "live_price": 62114.54,
  "probs": [
    0.2724972665309906,
    0.4280005991458893,
    0.2995021343231201
  ],
  "equity": 100.0,
  "paper_trade": {
    "open": false
  },
  "trade_log": []
}