{
  "pred": 1,
  "conf": 0.36767682433128357,
  "notified_conf": 0.0,
  "ts": "2026-07-07 06:10",
  "btc_price": 63074.02,
  "live_price": 63076.0,
  "probs": [
    0.3569560647010803,
    0.36767682433128357,
    0.2753671109676361
  ],
  "equity": 100.0,
  "paper_trade": {
    "open": false
  },
  "trade_log": []
}