{
  "pred": 2,
  "conf": 0.36117228865623474,
  "notified_conf": 0.0,
  "ts": "2026-07-06 23:30",
  "btc_price": 64096.0,
  "live_price": 64133.24,
  "probs": [
    0.3348548412322998,
    0.30397287011146545,
    0.36117228865623474
  ],
  "equity": 100.0,
  "paper_trade": {
    "open": false
  },
  "trade_log": []
}