{
  "pred": 0,
  "conf": 0.38510361313819885,
  "notified_conf": 0.0,
  "ts": "2026-07-07 16:05",
  "btc_price": 63925.98,
  "live_price": 63945.9,
  "probs": [
    0.38510361313819885,
    0.3571978211402893,
    0.25769853591918945
  ],
  "equity": 100.0,
  "paper_trade": {
    "open": false
  },
  "trade_log": []
}