{
  "pred": 1,
  "conf": 0.36555057764053345,
  "notified_conf": 0.0,
  "ts": "2026-07-06 12:45",
  "btc_price": 61803.77,
  "live_price": 61727.39,
  "probs": [
    0.3626851737499237,
    0.36555057764053345,
    0.27176418900489807
  ],
  "equity": 100.0,
  "paper_trade": {
    "open": false
  },
  "trade_log": []
}