{
  "pred": 2,
  "conf": 0.3632264733314514,
  "notified_conf": 0.0,
  "ts": "2026-07-06 08:40",
  "btc_price": 62851.84,
  "live_price": 62851.84,
  "probs": [
    0.3222142457962036,
    0.31455931067466736,
    0.3632264733314514
  ],
  "equity": 100.0,
  "paper_trade": {
    "open": false
  },
  "trade_log": []
}