{
  "pred": 2,
  "conf": 0.5316014885902405,
  "notified_conf": 0.0,
  "ts": "2026-07-05 21:35",
  "btc_price": 62912.2,
  "live_price": 62916.96,
  "probs": [
    0.2915424704551697,
    0.17685599625110626,
    0.5316014885902405
  ],
  "equity": 100.0,
  "paper_trade": {
    "open": false
  },
  "trade_log": []
}