{
  "pred": 1,
  "conf": 0.4019753038883209,
  "notified_conf": 0.0,
  "ts": "2026-07-06 15:10",
  "btc_price": 62452.16,
  "live_price": 62500.0,
  "probs": [
    0.32281970977783203,
    0.4019753038883209,
    0.27520498633384705
  ],
  "equity": 100.0,
  "paper_trade": {
    "open": false
  },
  "trade_log": []
}