{
  "pred": 1,
  "conf": 0.43055957555770874,
  "notified_conf": 0.0,
  "ts": "2026-07-08 11:10",
  "btc_price": 62160.93,
  "live_price": 62118.01,
  "probs": [
    0.2575964331626892,
    0.43055957555770874,
    0.31184399127960205
  ],
  "equity": 100.0,
  "paper_trade": {
    "open": false
  },
  "trade_log": []
}