{
  "pred": 2,
  "conf": 0.5454895496368408,
  "notified_conf": 0.0,
  "ts": "2026-07-05 17:05",
  "btc_price": 62721.88,
  "live_price": 62718.64,
  "probs": [
    0.2832305431365967,
    0.17127995193004608,
    0.5454895496368408
  ],
  "equity": 100.0,
  "paper_trade": {
    "open": false
  },
  "trade_log": []
}