{
  "pred": 1,
  "conf": 0.39628866314888,
  "notified_conf": 0.0,
  "ts": "2026-07-07 09:15",
  "btc_price": 63250.69,
  "live_price": 63235.16,
  "probs": [
    0.312483549118042,
    0.39628866314888,
    0.2912278175354004
  ],
  "equity": 100.0,
  "paper_trade": {
    "open": false
  },
  "trade_log": []
}