{
  "pred": 1,
  "conf": 0.3875519037246704,
  "notified_conf": 0.0,
  "ts": "2026-07-08 05:00",
  "btc_price": 62800.0,
  "live_price": 62812.41,
  "probs": [
    0.27135196328163147,
    0.3875519037246704,
    0.3410961925983429
  ],
  "equity": 100.0,
  "paper_trade": {
    "open": false
  },
  "trade_log": []
}