{
  "pred": 1,
  "conf": 0.38270777463912964,
  "notified_conf": 0.0,
  "ts": "2026-07-06 21:15",
  "btc_price": 64305.91,
  "live_price": 64331.07,
  "probs": [
    0.36097943782806396,
    0.38270777463912964,
    0.2563127875328064
  ],
  "equity": 100.0,
  "paper_trade": {
    "open": false
  },
  "trade_log": []
}