{
  "pred": 0,
  "conf": 0.3819383680820465,
  "notified_conf": 0.0,
  "ts": "2026-07-05 22:30",
  "btc_price": 63717.99,
  "live_price": 63739.06,
  "probs": [
    0.3819383680820465,
    0.23649922013282776,
    0.38156238198280334
  ],
  "equity": 100.0,
  "paper_trade": {
    "open": false
  },
  "trade_log": []
}