{
  "pred": 1,
  "conf": 0.37673771381378174,
  "notified_conf": 0.0,
  "ts": "2026-07-07 10:30",
  "btc_price": 63309.29,
  "live_price": 63260.0,
  "probs": [
    0.349695086479187,
    0.37673771381378174,
    0.27356719970703125
  ],
  "equity": 100.0,
  "paper_trade": {
    "open": false
  },
  "trade_log": []
}