{
  "pred": 0,
  "conf": 0.3879718482494354,
  "notified_conf": 0.0,
  "ts": "2026-07-07 16:30",
  "btc_price": 64006.0,
  "live_price": 64006.0,
  "probs": [
    0.3879718482494354,
    0.3622521162033081,
    0.24977605044841766
  ],
  "equity": 100.0,
  "paper_trade": {
    "open": false
  },
  "trade_log": []
}