{
  "pred": 1,
  "conf": 0.34892210364341736,
  "notified_conf": 0.0,
  "ts": "2026-07-08 02:40",
  "btc_price": 62750.0,
  "live_price": 62823.06,
  "probs": [
    0.321001261472702,
    0.34892210364341736,
    0.3300766348838806
  ],
  "equity": 100.0,
  "paper_trade": {
    "open": false
  },
  "trade_log": []
}