{
  "pred": 2,
  "conf": 0.5347189903259277,
  "notified_conf": 0.0,
  "ts": "2026-07-06 02:35",
  "btc_price": 63510.8,
  "live_price": 63513.97,
  "probs": [
    0.2875905930995941,
    0.17769049108028412,
    0.5347189903259277
  ],
  "equity": 100.0,
  "paper_trade": {
    "open": false
  },
  "trade_log": []
}