{
  "pred": 1,
  "conf": 0.3517511487007141,
  "notified_conf": 0.0,
  "ts": "2026-07-08 01:15",
  "btc_price": 63634.98,
  "live_price": 63570.0,
  "probs": [
    0.3152596652507782,
    0.3517511487007141,
    0.3329891860485077
  ],
  "equity": 100.0,
  "paper_trade": {
    "open": false
  },
  "trade_log": []
}