{
  "pred": 2,
  "conf": 0.47915002703666687,
  "notified_conf": 0.0,
  "ts": "2026-07-06 07:30",
  "btc_price": 62971.99,
  "live_price": 62920.7,
  "probs": [
    0.29516613483428955,
    0.22568388283252716,
    0.47915002703666687
  ],
  "equity": 100.0,
  "paper_trade": {
    "open": false
  },
  "trade_log": []
}