{
  "pred": 1,
  "conf": 0.37837404012680054,
  "notified_conf": 0.0,
  "ts": "2026-07-07 12:10",
  "btc_price": 63783.99,
  "live_price": 63806.01,
  "probs": [
    0.37150758504867554,
    0.37837404012680054,
    0.25011831521987915
  ],
  "equity": 100.0,
  "paper_trade": {
    "open": false
  },
  "trade_log": []
}