{
  "pred": 0,
  "conf": 0.3919607102870941,
  "notified_conf": 0.0,
  "ts": "2026-07-06 23:10",
  "btc_price": 64234.32,
  "live_price": 64267.99,
  "probs": [
    0.3919607102870941,
    0.3119738698005676,
    0.29606544971466064
  ],
  "equity": 100.0,
  "paper_trade": {
    "open": false
  },
  "trade_log": []
}