{
  "pred": 2,
  "conf": 0.35186952352523804,
  "notified_conf": 0.0,
  "ts": "2026-07-07 23:10",
  "btc_price": 63633.58,
  "live_price": 63630.85,
  "probs": [
    0.30947035551071167,
    0.3386601209640503,
    0.35186952352523804
  ],
  "equity": 100.0,
  "paper_trade": {
    "open": false
  },
  "trade_log": []
}