{
  "pred": 2,
  "conf": 0.5780620574951172,
  "notified_conf": 0.0,
  "ts": "2026-07-05 19:10",
  "btc_price": 62821.79,
  "live_price": 62808.0,
  "probs": [
    0.3004080355167389,
    0.1215299591422081,
    0.5780620574951172
  ],
  "equity": 100.0,
  "paper_trade": {
    "open": false
  },
  "trade_log": []
}