{
  "pred": 1,
  "conf": 0.39492860436439514,
  "notified_conf": 0.0,
  "ts": "2026-07-07 14:25",
  "btc_price": 63020.02,
  "live_price": 63122.0,
  "probs": [
    0.32808414101600647,
    0.39492860436439514,
    0.2769872546195984
  ],
  "equity": 100.0,
  "paper_trade": {
    "open": false
  },
  "trade_log": []
}