{
  "pred": 1,
  "conf": 0.4049874246120453,
  "notified_conf": 0.0,
  "ts": "2026-07-06 13:50",
  "btc_price": 61893.79,
  "live_price": 61964.0,
  "probs": [
    0.28987354040145874,
    0.4049874246120453,
    0.30513903498649597
  ],
  "equity": 100.0,
  "paper_trade": {
    "open": false
  },
  "trade_log": []
}