{
  "pred": 2,
  "conf": 0.3932607173919678,
  "notified_conf": 0.0,
  "ts": "2026-07-06 10:10",
  "btc_price": 62828.78,
  "live_price": 62828.58,
  "probs": [
    0.30334094166755676,
    0.30339834094047546,
    0.3932607173919678
  ],
  "equity": 100.0,
  "paper_trade": {
    "open": false
  },
  "trade_log": []
}