{
  "pred": 1,
  "conf": 0.3976562023162842,
  "notified_conf": 0.0,
  "ts": "2026-07-07 15:15",
  "btc_price": 63516.01,
  "live_price": 63605.79,
  "probs": [
    0.338453471660614,
    0.3976562023162842,
    0.2638902962207794
  ],
  "equity": 100.0,
  "paper_trade": {
    "open": false
  },
  "trade_log": []
}