{
  "pred": 0,
  "conf": 0.38432425260543823,
  "notified_conf": 0.0,
  "ts": "2026-07-06 17:55",
  "btc_price": 63618.0,
  "live_price": 63610.01,
  "probs": [
    0.38432425260543823,
    0.35670197010040283,
    0.25897374749183655
  ],
  "equity": 100.0,
  "paper_trade": {
    "open": false
  },
  "trade_log": []
}