{
  "pred": 1,
  "conf": 0.3701761066913605,
  "notified_conf": 0.0,
  "ts": "2026-07-07 11:05",
  "btc_price": 63166.05,
  "live_price": 63182.01,
  "probs": [
    0.3562704026699066,
    0.3701761066913605,
    0.2735534906387329
  ],
  "equity": 100.0,
  "paper_trade": {
    "open": false
  },
  "trade_log": []
}