{
  "pred": 2,
  "conf": 0.3835130035877228,
  "notified_conf": 0.0,
  "ts": "2026-07-08 00:20",
  "btc_price": 63460.23,
  "live_price": 63546.0,
  "probs": [
    0.2879469692707062,
    0.32854005694389343,
    0.3835130035877228
  ],
  "equity": 100.0,
  "paper_trade": {
    "open": false
  },
  "trade_log": []
}