{
  "pred": 1,
  "conf": 0.3892827033996582,
  "notified_conf": 0.0,
  "ts": "2026-07-07 07:55",
  "btc_price": 63127.99,
  "live_price": 63114.69,
  "probs": [
    0.33492976427078247,
    0.3892827033996582,
    0.2757875621318817
  ],
  "equity": 100.0,
  "paper_trade": {
    "open": false
  },
  "trade_log": []
}