{
  "pred": 2,
  "conf": 0.39738428592681885,
  "notified_conf": 0.0,
  "ts": "2026-07-06 09:25",
  "btc_price": 62786.02,
  "live_price": 62749.99,
  "probs": [
    0.3119317591190338,
    0.2906840145587921,
    0.39738428592681885
  ],
  "equity": 100.0,
  "paper_trade": {
    "open": false
  },
  "trade_log": []
}