{
  "pred": 0,
  "conf": 0.39654478430747986,
  "notified_conf": 0.0,
  "ts": "2026-07-07 17:45",
  "btc_price": 64231.99,
  "live_price": 64180.0,
  "probs": [
    0.39654478430747986,
    0.3530384600162506,
    0.2504168152809143
  ],
  "equity": 100.0,
  "paper_trade": {
    "open": false
  },
  "trade_log": []
}