{
  "pred": 1,
  "conf": 0.3699963092803955,
  "notified_conf": 0.0,
  "ts": "2026-07-08 04:55",
  "btc_price": 62721.98,
  "live_price": 62773.99,
  "probs": [
    0.30143070220947266,
    0.3699963092803955,
    0.3285730183124542
  ],
  "equity": 100.0,
  "paper_trade": {
    "open": false
  },
  "trade_log": []
}