{
  "pred": 1,
  "conf": 0.43766337633132935,
  "notified_conf": 0.0,
  "ts": "2026-07-08 10:30",
  "btc_price": 62121.08,
  "live_price": 62132.51,
  "probs": [
    0.2598801553249359,
    0.43766337633132935,
    0.3024565279483795
  ],
  "equity": 100.0,
  "paper_trade": {
    "open": false
  },
  "trade_log": []
}