{
  "pred": 1,
  "conf": 0.3997412621974945,
  "notified_conf": 0.0,
  "ts": "2026-07-08 08:20",
  "btc_price": 62446.01,
  "live_price": 62227.99,
  "probs": [
    0.3607800304889679,
    0.3997412621974945,
    0.2394787222146988
  ],
  "equity": 100.0,
  "paper_trade": {
    "open": false
  },
  "trade_log": []
}