{
  "pred": 0,
  "conf": 0.37283432483673096,
  "notified_conf": 0.0,
  "ts": "2026-07-07 16:25",
  "btc_price": 64028.0,
  "live_price": 64016.01,
  "probs": [
    0.37283432483673096,
    0.37029948830604553,
    0.2568662166595459
  ],
  "equity": 100.0,
  "paper_trade": {
    "open": false
  },
  "trade_log": []
}