{
  "pred": 0,
  "conf": 0.4149731695652008,
  "notified_conf": 0.0,
  "ts": "2026-07-05 23:20",
  "btc_price": 63933.9,
  "live_price": 63863.31,
  "probs": [
    0.4149731695652008,
    0.20990921556949615,
    0.37511757016181946
  ],
  "equity": 100.0,
  "paper_trade": {
    "open": false
  },
  "trade_log": []
}