{
  "pred": 2,
  "conf": 0.503192126750946,
  "notified_conf": 0.0,
  "ts": "2026-07-05 17:55",
  "btc_price": 62610.28,
  "live_price": 62606.54,
  "probs": [
    0.2712658941745758,
    0.22554196417331696,
    0.503192126750946
  ],
  "equity": 100.0,
  "paper_trade": {
    "open": false
  },
  "trade_log": []
}