{
  "pred": 1,
  "conf": 0.37168461084365845,
  "notified_conf": 0.0,
  "ts": "2026-07-08 03:40",
  "btc_price": 62972.47,
  "live_price": 62953.46,
  "probs": [
    0.30102473497390747,
    0.37168461084365845,
    0.32729068398475647
  ],
  "equity": 100.0,
  "paper_trade": {
    "open": false
  },
  "trade_log": []
}