{
  "pred": 1,
  "conf": 0.4268251359462738,
  "notified_conf": 0.0,
  "ts": "2026-07-08 10:40",
  "btc_price": 62124.0,
  "live_price": 62149.99,
  "probs": [
    0.2775537967681885,
    0.4268251359462738,
    0.29562103748321533
  ],
  "equity": 100.0,
  "paper_trade": {
    "open": false
  },
  "trade_log": []
}