{
  "pred": 1,
  "conf": 0.3609716296195984,
  "notified_conf": 0.0,
  "ts": "2026-07-07 21:50",
  "btc_price": 63516.68,
  "live_price": 63450.01,
  "probs": [
    0.3227629065513611,
    0.3609716296195984,
    0.3162654638290405
  ],
  "equity": 100.0,
  "paper_trade": {
    "open": false
  },
  "trade_log": []
}