{
  "pred": 2,
  "conf": 0.47942090034484863,
  "notified_conf": 0.0,
  "ts": "2026-07-05 22:05",
  "btc_price": 63054.79,
  "live_price": 63090.01,
  "probs": [
    0.3695259392261505,
    0.1510530710220337,
    0.47942090034484863
  ],
  "equity": 100.0,
  "paper_trade": {
    "open": false
  },
  "trade_log": []
}