{
  "pred": 1,
  "conf": 0.39581596851348877,
  "notified_conf": 0.0,
  "ts": "2026-07-07 13:45",
  "btc_price": 63171.75,
  "live_price": 63326.0,
  "probs": [
    0.3051396906375885,
    0.39581596851348877,
    0.29904431104660034
  ],
  "equity": 100.0,
  "paper_trade": {
    "open": false
  },
  "trade_log": []
}