{
  "pred": 1,
  "conf": 0.3817092180252075,
  "notified_conf": 0.0,
  "ts": "2026-07-07 08:30",
  "btc_price": 63084.0,
  "live_price": 63078.0,
  "probs": [
    0.31764647364616394,
    0.3817092180252075,
    0.30064430832862854
  ],
  "equity": 100.0,
  "paper_trade": {
    "open": false
  },
  "trade_log": []
}