{
  "pred": 1,
  "conf": 0.3915977478027344,
  "notified_conf": 0.0,
  "ts": "2026-07-08 07:50",
  "btc_price": 62871.84,
  "live_price": 62863.07,
  "probs": [
    0.2991969585418701,
    0.3915977478027344,
    0.3092053532600403
  ],
  "equity": 100.0,
  "paper_trade": {
    "open": false
  },
  "trade_log": []
}