{
  "pred": 1,
  "conf": 0.40093183517456055,
  "notified_conf": 0.0,
  "ts": "2026-07-07 13:50",
  "btc_price": 63342.95,
  "live_price": 63272.0,
  "probs": [
    0.3309103548526764,
    0.40093183517456055,
    0.2681577801704407
  ],
  "equity": 100.0,
  "paper_trade": {
    "open": false
  },
  "trade_log": []
}