{
  "pred": 2,
  "conf": 0.4537944495677948,
  "notified_conf": 0.0,
  "ts": "2026-07-05 23:50",
  "btc_price": 63632.57,
  "live_price": 63608.01,
  "probs": [
    0.37320855259895325,
    0.17299702763557434,
    0.4537944495677948
  ],
  "equity": 100.0,
  "paper_trade": {
    "open": false
  },
  "trade_log": []
}