{
  "pred": 1,
  "conf": 0.4000610411167145,
  "notified_conf": 0.0,
  "ts": "2026-07-07 08:05",
  "btc_price": 63076.01,
  "live_price": 63038.01,
  "probs": [
    0.2980254888534546,
    0.4000610411167145,
    0.30191347002983093
  ],
  "equity": 100.0,
  "paper_trade": {
    "open": false
  },
  "trade_log": []
}