{
  "pred": 1,
  "conf": 0.3749229907989502,
  "notified_conf": 0.0,
  "ts": "2026-07-08 02:50",
  "btc_price": 63012.88,
  "live_price": 62986.0,
  "probs": [
    0.29258352518081665,
    0.3749229907989502,
    0.3324934244155884
  ],
  "equity": 100.0,
  "paper_trade": {
    "open": false
  },
  "trade_log": []
}