{
  "pred": 1,
  "conf": 0.3650786578655243,
  "notified_conf": 0.0,
  "ts": "2026-07-08 02:10",
  "btc_price": 62818.01,
  "live_price": 62913.99,
  "probs": [
    0.33822163939476013,
    0.3650786578655243,
    0.2966997027397156
  ],
  "equity": 100.0,
  "paper_trade": {
    "open": false
  },
  "trade_log": []
}