{
  "pred": 0,
  "conf": 0.4096597731113434,
  "notified_conf": 0.0,
  "ts": "2026-07-06 17:05",
  "btc_price": 63768.0,
  "live_price": 63836.0,
  "probs": [
    0.4096597731113434,
    0.3426658809185028,
    0.2476743757724762
  ],
  "equity": 100.0,
  "paper_trade": {
    "open": false
  },
  "trade_log": []
}