{
  "pred": 1,
  "conf": 0.3571494221687317,
  "notified_conf": 0.0,
  "ts": "2026-07-08 03:10",
  "btc_price": 63014.0,
  "live_price": 63093.99,
  "probs": [
    0.3233059048652649,
    0.3571494221687317,
    0.31954464316368103
  ],
  "equity": 100.0,
  "paper_trade": {
    "open": false
  },
  "trade_log": []
}