{
  "pred": 2,
  "conf": 0.3707977831363678,
  "notified_conf": 0.0,
  "ts": "2026-07-07 00:00",
  "btc_price": 64042.02,
  "live_price": 64075.99,
  "probs": [
    0.3325116038322449,
    0.29669058322906494,
    0.3707977831363678
  ],
  "equity": 100.0,
  "paper_trade": {
    "open": false
  },
  "trade_log": []
}