{
  "pred": 0,
  "conf": 0.37808963656425476,
  "notified_conf": 0.0,
  "ts": "2026-07-06 21:40",
  "btc_price": 64186.98,
  "live_price": 64203.65,
  "probs": [
    0.37808963656425476,
    0.3733140826225281,
    0.24859625101089478
  ],
  "equity": 100.0,
  "paper_trade": {
    "open": false
  },
  "trade_log": []
}