{
  "pred": 1,
  "conf": 0.34610986709594727,
  "notified_conf": 0.0,
  "ts": "2026-07-07 03:15",
  "btc_price": 63330.86,
  "live_price": 63352.0,
  "probs": [
    0.3241758942604065,
    0.34610986709594727,
    0.32971423864364624
  ],
  "equity": 100.0,
  "paper_trade": {
    "open": false
  },
  "trade_log": []
}