{
  "pred": 2,
  "conf": 0.33934465050697327,
  "notified_conf": 0.0,
  "ts": "2026-07-07 04:35",
  "btc_price": 63273.0,
  "live_price": 63261.26,
  "probs": [
    0.32166966795921326,
    0.3389856815338135,
    0.33934465050697327
  ],
  "equity": 100.0,
  "paper_trade": {
    "open": false
  },
  "trade_log": []
}