{
  "pred": 0,
  "conf": 0.34734439849853516,
  "notified_conf": 0.0,
  "ts": "2026-07-07 03:45",
  "btc_price": 63208.84,
  "live_price": 63174.0,
  "probs": [
    0.34734439849853516,
    0.3301886320114136,
    0.32246702909469604
  ],
  "equity": 100.0,
  "paper_trade": {
    "open": false
  },
  "trade_log": []
}