{
  "pred": 1,
  "conf": 0.3945408761501312,
  "notified_conf": 0.0,
  "ts": "2026-07-07 09:20",
  "btc_price": 63225.96,
  "live_price": 63215.99,
  "probs": [
    0.3310522139072418,
    0.3945408761501312,
    0.2744068503379822
  ],
  "equity": 100.0,
  "paper_trade": {
    "open": false
  },
  "trade_log": []
}