{
  "pred": 2,
  "conf": 0.35147473216056824,
  "notified_conf": 0.0,
  "ts": "2026-07-06 23:25",
  "btc_price": 64108.02,
  "live_price": 64110.16,
  "probs": [
    0.3405604362487793,
    0.30796486139297485,
    0.35147473216056824
  ],
  "equity": 100.0,
  "paper_trade": {
    "open": false
  },
  "trade_log": []
}