{
  "pred": 1,
  "conf": 0.36458784341812134,
  "notified_conf": 0.0,
  "ts": "2026-07-07 22:45",
  "btc_price": 63616.01,
  "live_price": 63564.0,
  "probs": [
    0.27490711212158203,
    0.36458784341812134,
    0.36050498485565186
  ],
  "equity": 100.0,
  "paper_trade": {
    "open": false
  },
  "trade_log": []
}