{
  "pred": 1,
  "conf": 0.3798905909061432,
  "notified_conf": 0.0,
  "ts": "2026-07-07 12:40",
  "btc_price": 63560.01,
  "live_price": 63608.02,
  "probs": [
    0.3608042895793915,
    0.3798905909061432,
    0.25930511951446533
  ],
  "equity": 100.0,
  "paper_trade": {
    "open": false
  },
  "trade_log": []
}