{
  "pred": 1,
  "conf": 0.38471418619155884,
  "notified_conf": 0.0,
  "ts": "2026-07-08 10:10",
  "btc_price": 61927.99,
  "live_price": 61972.0,
  "probs": [
    0.3208431303501129,
    0.38471418619155884,
    0.29444268345832825
  ],
  "equity": 100.0,
  "paper_trade": {
    "open": false
  },
  "trade_log": []
}