{
  "pred": 1,
  "conf": 0.3882356286048889,
  "notified_conf": 0.0,
  "ts": "2026-07-06 13:35",
  "btc_price": 61606.0,
  "live_price": 61416.0,
  "probs": [
    0.3007579445838928,
    0.3882356286048889,
    0.3110063672065735
  ],
  "equity": 100.0,
  "paper_trade": {
    "open": false
  },
  "trade_log": []
}