{
  "pred": 1,
  "conf": 0.3490737974643707,
  "notified_conf": 0.0,
  "ts": "2026-07-07 04:20",
  "btc_price": 63178.6,
  "live_price": 63184.21,
  "probs": [
    0.30209413170814514,
    0.3490737974643707,
    0.34883198142051697
  ],
  "equity": 100.0,
  "paper_trade": {
    "open": false
  },
  "trade_log": []
}