{
  "pred": 1,
  "conf": 0.3574697971343994,
  "notified_conf": 0.0,
  "ts": "2026-07-07 14:00",
  "btc_price": 63056.0,
  "live_price": 63038.62,
  "probs": [
    0.35535383224487305,
    0.3574697971343994,
    0.2871762812137604
  ],
  "equity": 100.0,
  "paper_trade": {
    "open": false
  },
  "trade_log": []
}