{
  "pred": 2,
  "conf": 0.47563010454177856,
  "notified_conf": 0.0,
  "ts": "2026-07-06 01:50",
  "btc_price": 63611.81,
  "live_price": 63590.0,
  "probs": [
    0.32528215646743774,
    0.1990877389907837,
    0.47563010454177856
  ],
  "equity": 100.0,
  "paper_trade": {
    "open": false
  },
  "trade_log": []
}