{
  "pred": 2,
  "conf": 0.34386786818504333,
  "notified_conf": 0.0,
  "ts": "2026-07-07 00:45",
  "btc_price": 64081.98,
  "live_price": 64127.1,
  "probs": [
    0.32910460233688354,
    0.32702749967575073,
    0.34386786818504333
  ],
  "equity": 100.0,
  "paper_trade": {
    "open": false
  },
  "trade_log": []
}