{
  "pred": 1,
  "conf": 0.35061851143836975,
  "notified_conf": 0.0,
  "ts": "2026-07-07 03:00",
  "btc_price": 63322.01,
  "live_price": 63348.01,
  "probs": [
    0.3356172442436218,
    0.35061851143836975,
    0.3137643039226532
  ],
  "equity": 100.0,
  "paper_trade": {
    "open": false
  },
  "trade_log": []
}