{
  "pred": 2,
  "conf": 0.45339831709861755,
  "notified_conf": 0.0,
  "ts": "2026-07-06 06:25",
  "btc_price": 63036.0,
  "live_price": 63025.99,
  "probs": [
    0.28157660365104675,
    0.2650250792503357,
    0.45339831709861755
  ],
  "equity": 100.0,
  "paper_trade": {
    "open": false
  },
  "trade_log": []
}