{
  "pred": 2,
  "conf": 0.37893086671829224,
  "notified_conf": 0.0,
  "ts": "2026-07-05 22:25",
  "btc_price": 63554.81,
  "live_price": 63566.67,
  "probs": [
    0.3602386713027954,
    0.26083046197891235,
    0.37893086671829224
  ],
  "equity": 100.0,
  "paper_trade": {
    "open": false
  },
  "trade_log": []
}