{
  "pred": 0,
  "conf": 0.36198246479034424,
  "notified_conf": 0.0,
  "ts": "2026-07-06 18:50",
  "btc_price": 63776.0,
  "live_price": 63786.0,
  "probs": [
    0.36198246479034424,
    0.35866817831993103,
    0.27934935688972473
  ],
  "equity": 100.0,
  "paper_trade": {
    "open": false
  },
  "trade_log": []
}