{
  "pred": 2,
  "conf": 0.47525450587272644,
  "notified_conf": 0.0,
  "ts": "2026-07-05 23:55",
  "btc_price": 63592.89,
  "live_price": 63590.11,
  "probs": [
    0.36085009574890137,
    0.16389542818069458,
    0.47525450587272644
  ],
  "equity": 100.0,
  "paper_trade": {
    "open": false
  },
  "trade_log": []
}