{
  "pred": 1,
  "conf": 0.36457565426826477,
  "notified_conf": 0.0,
  "ts": "2026-07-08 06:35",
  "btc_price": 62554.38,
  "live_price": 62515.54,
  "probs": [
    0.3108367919921875,
    0.36457565426826477,
    0.32458755373954773
  ],
  "equity": 100.0,
  "paper_trade": {
    "open": false
  },
  "trade_log": []
}