{
  "pred": 1,
  "conf": 0.4048677980899811,
  "notified_conf": 0.0,
  "ts": "2026-07-07 09:00",
  "btc_price": 63104.0,
  "live_price": 63064.12,
  "probs": [
    0.2848104238510132,
    0.4048677980899811,
    0.3103218376636505
  ],
  "equity": 100.0,
  "paper_trade": {
    "open": false
  },
  "trade_log": []
}