{
  "pred": 1,
  "conf": 0.3603428900241852,
  "notified_conf": 0.0,
  "ts": "2026-07-08 01:25",
  "btc_price": 63582.01,
  "live_price": 63583.68,
  "probs": [
    0.30127161741256714,
    0.3603428900241852,
    0.3383854627609253
  ],
  "equity": 100.0,
  "paper_trade": {
    "open": false
  },
  "trade_log": []
}