{
  "pred": 2,
  "conf": 0.3674720227718353,
  "notified_conf": 0.0,
  "ts": "2026-07-07 02:20",
  "btc_price": 63785.58,
  "live_price": 63741.9,
  "probs": [
    0.3063248097896576,
    0.32620319724082947,
    0.3674720227718353
  ],
  "equity": 100.0,
  "paper_trade": {
    "open": false
  },
  "trade_log": []
}