{
  "pred": 0,
  "conf": 0.3926745057106018,
  "notified_conf": 0.0,
  "ts": "2026-07-07 17:10",
  "btc_price": 64094.01,
  "live_price": 64059.47,
  "probs": [
    0.3926745057106018,
    0.35236454010009766,
    0.25496092438697815
  ],
  "equity": 100.0,
  "paper_trade": {
    "open": false
  },
  "trade_log": []
}