{
  "pred": 1,
  "conf": 0.3753368854522705,
  "notified_conf": 0.0,
  "ts": "2026-07-08 04:00",
  "btc_price": 62766.0,
  "live_price": 62756.9,
  "probs": [
    0.31524068117141724,
    0.3753368854522705,
    0.30942243337631226
  ],
  "equity": 100.0,
  "paper_trade": {
    "open": false
  },
  "trade_log": []
}