{
  "pred": 2,
  "conf": 0.453569620847702,
  "notified_conf": 0.0,
  "ts": "2026-07-06 01:10",
  "btc_price": 63848.93,
  "live_price": 63772.02,
  "probs": [
    0.3584839701652527,
    0.1879463940858841,
    0.453569620847702
  ],
  "equity": 100.0,
  "paper_trade": {
    "open": false
  },
  "trade_log": []
}