{
  "pred": 1,
  "conf": 0.37952616810798645,
  "notified_conf": 0.0,
  "ts": "2026-07-06 12:55",
  "btc_price": 61864.0,
  "live_price": 61749.57,
  "probs": [
    0.3046567440032959,
    0.37952616810798645,
    0.3158170282840729
  ],
  "equity": 100.0,
  "paper_trade": {
    "open": false
  },
  "trade_log": []
}