{
  "pred": 1,
  "conf": 0.3467051088809967,
  "notified_conf": 0.0,
  "ts": "2026-07-07 21:05",
  "btc_price": 63824.16,
  "live_price": 63829.98,
  "probs": [
    0.3199189007282257,
    0.3467051088809967,
    0.3333759605884552
  ],
  "equity": 100.0,
  "paper_trade": {
    "open": false
  },
  "trade_log": []
}