{
  "pred": 0,
  "conf": 0.37819892168045044,
  "notified_conf": 0.0,
  "ts": "2026-07-06 18:20",
  "btc_price": 63680.74,
  "live_price": 63766.01,
  "probs": [
    0.37819892168045044,
    0.350531667470932,
    0.27126938104629517
  ],
  "equity": 100.0,
  "paper_trade": {
    "open": false
  },
  "trade_log": []
}