{
  "pred": 1,
  "conf": 0.3538059890270233,
  "notified_conf": 0.0,
  "ts": "2026-07-08 01:10",
  "btc_price": 63508.72,
  "live_price": 63565.37,
  "probs": [
    0.31246110796928406,
    0.3538059890270233,
    0.33373287320137024
  ],
  "equity": 100.0,
  "paper_trade": {
    "open": false
  },
  "trade_log": []
}