{
  "pred": 1,
  "conf": 0.42221975326538086,
  "notified_conf": 0.0,
  "ts": "2026-07-08 10:25",
  "btc_price": 62056.28,
  "live_price": 62083.19,
  "probs": [
    0.27373164892196655,
    0.42221975326538086,
    0.304048627614975
  ],
  "equity": 100.0,
  "paper_trade": {
    "open": false
  },
  "trade_log": []
}