{
  "pred": 2,
  "conf": 0.5605762600898743,
  "notified_conf": 0.0,
  "ts": "2026-07-05 19:30",
  "btc_price": 62791.7,
  "live_price": 62800.91,
  "probs": [
    0.28066983819007874,
    0.1587538719177246,
    0.5605762600898743
  ],
  "equity": 100.0,
  "paper_trade": {
    "open": false
  },
  "trade_log": []
}