{
  "pred": 2,
  "conf": 0.3908498287200928,
  "notified_conf": 0.0,
  "ts": "2026-07-06 10:20",
  "btc_price": 62850.59,
  "live_price": 62837.82,
  "probs": [
    0.31735822558403015,
    0.29179200530052185,
    0.3908498287200928
  ],
  "equity": 100.0,
  "paper_trade": {
    "open": false
  },
  "trade_log": []
}