{
  "pred": 1,
  "conf": 0.3955962657928467,
  "notified_conf": 0.0,
  "ts": "2026-07-07 06:50",
  "btc_price": 63313.65,
  "live_price": 63365.99,
  "probs": [
    0.3203318119049072,
    0.3955962657928467,
    0.2840718626976013
  ],
  "equity": 100.0,
  "paper_trade": {
    "open": false
  },
  "trade_log": []
}