{
  "pred": 1,
  "conf": 0.35309839248657227,
  "notified_conf": 0.0,
  "ts": "2026-07-07 20:00",
  "btc_price": 63817.99,
  "live_price": 63817.99,
  "probs": [
    0.330779492855072,
    0.35309839248657227,
    0.3161221146583557
  ],
  "equity": 100.0,
  "paper_trade": {
    "open": false
  },
  "trade_log": []
}