{
  "pred": 1,
  "conf": 0.3918588161468506,
  "notified_conf": 0.0,
  "ts": "2026-07-07 09:35",
  "btc_price": 63174.68,
  "live_price": 63187.99,
  "probs": [
    0.3208850026130676,
    0.3918588161468506,
    0.2872561514377594
  ],
  "equity": 100.0,
  "paper_trade": {
    "open": false
  },
  "trade_log": []
}