{
  "pred": 1,
  "conf": 0.3871114253997803,
  "notified_conf": 0.0,
  "ts": "2026-07-06 15:25",
  "btc_price": 62385.99,
  "live_price": 62327.99,
  "probs": [
    0.3163197338581085,
    0.3871114253997803,
    0.29656878113746643
  ],
  "equity": 100.0,
  "paper_trade": {
    "open": false
  },
  "trade_log": []
}