{
  "pred": 1,
  "conf": 0.34111762046813965,
  "notified_conf": 0.0,
  "ts": "2026-07-07 02:25",
  "btc_price": 63633.08,
  "live_price": 63599.16,
  "probs": [
    0.33419087529182434,
    0.34111762046813965,
    0.3246915340423584
  ],
  "equity": 100.0,
  "paper_trade": {
    "open": false
  },
  "trade_log": []
}