{
  "pred": 1,
  "conf": 0.4065713584423065,
  "notified_conf": 0.0,
  "ts": "2026-07-08 06:55",
  "btc_price": 62712.84,
  "live_price": 62657.82,
  "probs": [
    0.27265045046806335,
    0.4065713584423065,
    0.32077816128730774
  ],
  "equity": 100.0,
  "paper_trade": {
    "open": false
  },
  "trade_log": []
}