{
  "pred": 1,
  "conf": 0.37338095903396606,
  "notified_conf": 0.0,
  "ts": "2026-07-07 11:55",
  "btc_price": 63332.0,
  "live_price": 63395.97,
  "probs": [
    0.3343880772590637,
    0.37338095903396606,
    0.2922309339046478
  ],
  "equity": 100.0,
  "paper_trade": {
    "open": false
  },
  "trade_log": []
}