{
  "pred": 2,
  "conf": 0.6009303331375122,
  "notified_conf": 0.0,
  "ts": "2026-07-05 20:15",
  "btc_price": 62816.64,
  "live_price": 62786.01,
  "probs": [
    0.2675376832485199,
    0.1315319836139679,
    0.6009303331375122
  ],
  "equity": 100.0,
  "paper_trade": {
    "open": false
  },
  "trade_log": []
}