{
  "pred": 2,
  "conf": 0.35068538784980774,
  "notified_conf": 0.0,
  "ts": "2026-07-07 23:20",
  "btc_price": 63707.99,
  "live_price": 63654.0,
  "probs": [
    0.30344849824905396,
    0.3458661139011383,
    0.35068538784980774
  ],
  "equity": 100.0,
  "paper_trade": {
    "open": false
  },
  "trade_log": []
}