{
  "pred": 1,
  "conf": 0.3830752968788147,
  "notified_conf": 0.0,
  "ts": "2026-07-06 12:20",
  "btc_price": 62088.0,
  "live_price": 61979.02,
  "probs": [
    0.3460889756679535,
    0.3830752968788147,
    0.2708357572555542
  ],
  "equity": 100.0,
  "paper_trade": {
    "open": false
  },
  "trade_log": []
}