{
  "pred": 2,
  "conf": 0.5014275908470154,
  "notified_conf": 0.0,
  "ts": "2026-07-05 15:00",
  "btc_price": 62812.25,
  "live_price": 62809.41,
  "probs": [
    0.3040834367275238,
    0.19448894262313843,
    0.5014275908470154
  ],
  "equity": 100.0,
  "paper_trade": {
    "open": false
  },
  "trade_log": []
}