{
  "pred": 1,
  "conf": 0.3695194721221924,
  "notified_conf": 0.0,
  "ts": "2026-07-08 04:40",
  "btc_price": 62733.15,
  "live_price": 62796.01,
  "probs": [
    0.3170599639415741,
    0.3695194721221924,
    0.31342050433158875
  ],
  "equity": 100.0,
  "paper_trade": {
    "open": false
  },
  "trade_log": []
}