{
  "pred": 1,
  "conf": 0.38530027866363525,
  "notified_conf": 0.0,
  "ts": "2026-07-07 06:05",
  "btc_price": 63120.0,
  "live_price": 63078.02,
  "probs": [
    0.3302619457244873,
    0.38530027866363525,
    0.2844378650188446
  ],
  "equity": 100.0,
  "paper_trade": {
    "open": false
  },
  "trade_log": []
}