{
  "pred": 2,
  "conf": 0.5008155703544617,
  "notified_conf": 0.0,
  "ts": "2026-07-05 16:45",
  "btc_price": 62631.28,
  "live_price": 62635.66,
  "probs": [
    0.289408802986145,
    0.20977555215358734,
    0.5008155703544617
  ],
  "equity": 100.0,
  "paper_trade": {
    "open": false
  },
  "trade_log": []
}