{
  "pred": 2,
  "conf": 0.4675884544849396,
  "notified_conf": 0.0,
  "ts": "2026-07-06 07:25",
  "btc_price": 63000.17,
  "live_price": 63013.48,
  "probs": [
    0.29774871468544006,
    0.23466283082962036,
    0.4675884544849396
  ],
  "equity": 100.0,
  "paper_trade": {
    "open": false
  },
  "trade_log": []
}