{
  "pred": 2,
  "conf": 0.4570843577384949,
  "notified_conf": 0.0,
  "ts": "2026-07-05 23:30",
  "btc_price": 63680.01,
  "live_price": 63692.0,
  "probs": [
    0.37001779675483704,
    0.17289778590202332,
    0.4570843577384949
  ],
  "equity": 100.0,
  "paper_trade": {
    "open": false
  },
  "trade_log": []
}