{
  "pred": 1,
  "conf": 0.3714701235294342,
  "notified_conf": 0.0,
  "ts": "2026-07-08 06:05",
  "btc_price": 62609.76,
  "live_price": 62622.0,
  "probs": [
    0.3008609414100647,
    0.3714701235294342,
    0.3276689648628235
  ],
  "equity": 100.0,
  "paper_trade": {
    "open": false
  },
  "trade_log": []
}