{
  "pred": 1,
  "conf": 0.38811829686164856,
  "notified_conf": 0.0,
  "ts": "2026-07-08 09:40",
  "btc_price": 62103.45,
  "live_price": 62121.64,
  "probs": [
    0.3145124316215515,
    0.38811829686164856,
    0.2973692715167999
  ],
  "equity": 100.0,
  "paper_trade": {
    "open": false
  },
  "trade_log": []
}