{
  "pred": 1,
  "conf": 0.38807258009910583,
  "notified_conf": 0.0,
  "ts": "2026-07-08 10:00",
  "btc_price": 62057.67,
  "live_price": 62060.01,
  "probs": [
    0.3212191164493561,
    0.38807258009910583,
    0.29070836305618286
  ],
  "equity": 100.0,
  "paper_trade": {
    "open": false
  },
  "trade_log": []
}