{
  "pred": 2,
  "conf": 0.46170514822006226,
  "notified_conf": 0.0,
  "ts": "2026-07-06 06:05",
  "btc_price": 63104.0,
  "live_price": 63044.8,
  "probs": [
    0.29377037286758423,
    0.24452447891235352,
    0.46170514822006226
  ],
  "equity": 100.0,
  "paper_trade": {
    "open": false
  },
  "trade_log": []
}