{
  "pred": 2,
  "conf": 0.3988962471485138,
  "notified_conf": 0.0,
  "ts": "2026-07-06 09:05",
  "btc_price": 62874.32,
  "live_price": 62878.01,
  "probs": [
    0.31782281398773193,
    0.2832808494567871,
    0.3988962471485138
  ],
  "equity": 100.0,
  "paper_trade": {
    "open": false
  },
  "trade_log": []
}