{
  "pred": 0,
  "conf": 0.39830130338668823,
  "notified_conf": 0.0,
  "ts": "2026-07-07 16:50",
  "btc_price": 64026.0,
  "live_price": 64170.01,
  "probs": [
    0.39830130338668823,
    0.34365981817245483,
    0.25803881883621216
  ],
  "equity": 100.0,
  "paper_trade": {
    "open": false
  },
  "trade_log": []
}