{
  "pred": 0,
  "conf": 0.38644951581954956,
  "notified_conf": 0.0,
  "ts": "2026-07-07 16:55",
  "btc_price": 64126.0,
  "live_price": 63980.01,
  "probs": [
    0.38644951581954956,
    0.3612831234931946,
    0.25226736068725586
  ],
  "equity": 100.0,
  "paper_trade": {
    "open": false
  },
  "trade_log": []
}