{
  "pred": 1,
  "conf": 0.380288690328598,
  "notified_conf": 0.0,
  "ts": "2026-07-06 13:45",
  "btc_price": 61645.86,
  "live_price": 61720.08,
  "probs": [
    0.29929211735725403,
    0.380288690328598,
    0.32041919231414795
  ],
  "equity": 100.0,
  "paper_trade": {
    "open": false
  },
  "trade_log": []
}