{
  "pred": 1,
  "conf": 0.405819296836853,
  "notified_conf": 0.0,
  "ts": "2026-07-06 15:55",
  "btc_price": 63484.0,
  "live_price": 63485.99,
  "probs": [
    0.3536040484905243,
    0.405819296836853,
    0.2405766248703003
  ],
  "equity": 100.0,
  "paper_trade": {
    "open": false
  },
  "trade_log": []
}