{
  "pred": 2,
  "conf": 0.39811062812805176,
  "notified_conf": 0.0,
  "ts": "2026-07-06 09:00",
  "btc_price": 62904.01,
  "live_price": 62897.35,
  "probs": [
    0.31559517979621887,
    0.286294162273407,
    0.39811062812805176
  ],
  "equity": 100.0,
  "paper_trade": {
    "open": false
  },
  "trade_log": []
}