{
  "pred": 0,
  "conf": 0.4067271053791046,
  "notified_conf": 0.0,
  "ts": "2026-07-06 22:05",
  "btc_price": 64357.99,
  "live_price": 64300.3,
  "probs": [
    0.4067271053791046,
    0.3370629847049713,
    0.2562098503112793
  ],
  "equity": 100.0,
  "paper_trade": {
    "open": false
  },
  "trade_log": []
}