{
  "pred": 1,
  "conf": 0.3670201897621155,
  "notified_conf": 0.0,
  "ts": "2026-07-07 19:30",
  "btc_price": 63601.76,
  "live_price": 63665.57,
  "probs": [
    0.319354385137558,
    0.3670201897621155,
    0.3136254549026489
  ],
  "equity": 100.0,
  "paper_trade": {
    "open": false
  },
  "trade_log": []
}