{
  "pred": 2,
  "conf": 0.44906529784202576,
  "notified_conf": 0.0,
  "ts": "2026-07-06 08:30",
  "btc_price": 63070.0,
  "live_price": 62966.0,
  "probs": [
    0.33044424653053284,
    0.22049041092395782,
    0.44906529784202576
  ],
  "equity": 100.0,
  "paper_trade": {
    "open": false
  },
  "trade_log": []
}