{
  "pred": 1,
  "conf": 0.351956307888031,
  "notified_conf": 0.0,
  "ts": "2026-07-08 01:35",
  "btc_price": 63349.33,
  "live_price": 63062.98,
  "probs": [
    0.3221975266933441,
    0.351956307888031,
    0.3258461654186249
  ],
  "equity": 100.0,
  "paper_trade": {
    "open": false
  },
  "trade_log": []
}