{
  "pred": 1,
  "conf": 0.3992598056793213,
  "notified_conf": 0.0,
  "ts": "2026-07-06 15:35",
  "btc_price": 62340.01,
  "live_price": 62340.0,
  "probs": [
    0.30847325921058655,
    0.3992598056793213,
    0.29226693511009216
  ],
  "equity": 100.0,
  "paper_trade": {
    "open": false
  },
  "trade_log": []
}