{
  "pred": 2,
  "conf": 0.4323238134384155,
  "notified_conf": 0.0,
  "ts": "2026-07-05 15:10",
  "btc_price": 62878.7,
  "live_price": 62848.0,
  "probs": [
    0.3717018961906433,
    0.19597426056861877,
    0.4323238134384155
  ],
  "equity": 100.0,
  "paper_trade": {
    "open": false
  },
  "trade_log": []
}