{
  "pred": 0,
  "conf": 0.3797277510166168,
  "notified_conf": 0.0,
  "ts": "2026-07-06 16:05",
  "btc_price": 63473.74,
  "live_price": 63704.5,
  "probs": [
    0.3797277510166168,
    0.36538395285606384,
    0.25488829612731934
  ],
  "equity": 100.0,
  "paper_trade": {
    "open": false
  },
  "trade_log": []
}