{
  "pred": 0,
  "conf": 0.39686426520347595,
  "notified_conf": 0.0,
  "ts": "2026-07-07 16:10",
  "btc_price": 63871.58,
  "live_price": 63889.99,
  "probs": [
    0.39686426520347595,
    0.3559349477291107,
    0.24720081686973572
  ],
  "equity": 100.0,
  "paper_trade": {
    "open": false
  },
  "trade_log": []
}