{
  "pred": 0,
  "conf": 0.3638204038143158,
  "notified_conf": 0.0,
  "ts": "2026-07-06 11:55",
  "btc_price": 62936.0,
  "live_price": 62930.0,
  "probs": [
    0.3638204038143158,
    0.2847925126552582,
    0.35138705372810364
  ],
  "equity": 100.0,
  "paper_trade": {
    "open": false
  },
  "trade_log": []
}