{
  "pred": 1,
  "conf": 0.39153924584388733,
  "notified_conf": 0.0,
  "ts": "2026-07-07 07:00",
  "btc_price": 63340.0,
  "live_price": 63387.99,
  "probs": [
    0.3383917212486267,
    0.39153924584388733,
    0.27006903290748596
  ],
  "equity": 100.0,
  "paper_trade": {
    "open": false
  },
  "trade_log": []
}