{
  "pred": 2,
  "conf": 0.6417300701141357,
  "notified_conf": 0.0,
  "ts": "2026-07-05 20:00",
  "btc_price": 62768.88,
  "live_price": 62794.24,
  "probs": [
    0.24031998217105865,
    0.11794999241828918,
    0.6417300701141357
  ],
  "equity": 100.0,
  "paper_trade": {
    "open": false
  },
  "trade_log": []
}