{
  "pred": 0,
  "conf": 0.36122721433639526,
  "notified_conf": 0.0,
  "ts": "2026-07-08 02:05",
  "btc_price": 62936.78,
  "live_price": 62900.01,
  "probs": [
    0.36122721433639526,
    0.3503011465072632,
    0.2884715795516968
  ],
  "equity": 100.0,
  "paper_trade": {
    "open": false
  },
  "trade_log": []
}