{
  "pred": 0,
  "conf": 0.35382935404777527,
  "notified_conf": 0.0,
  "ts": "2026-07-06 11:10",
  "btc_price": 62812.0,
  "live_price": 62806.02,
  "probs": [
    0.35382935404777527,
    0.3038754463195801,
    0.34229522943496704
  ],
  "equity": 100.0,
  "paper_trade": {
    "open": false
  },
  "trade_log": []
}