{
  "pred": 1,
  "conf": 0.3502519130706787,
  "notified_conf": 0.0,
  "ts": "2026-07-07 01:20",
  "btc_price": 64020.0,
  "live_price": 63998.01,
  "probs": [
    0.34118929505348206,
    0.3502519130706787,
    0.3085588216781616
  ],
  "equity": 100.0,
  "paper_trade": {
    "open": false
  },
  "trade_log": []
}