{
  "pred": 1,
  "conf": 0.4187281131744385,
  "notified_conf": 0.0,
  "ts": "2026-07-08 08:50",
  "btc_price": 62184.0,
  "live_price": 62167.99,
  "probs": [
    0.3286551535129547,
    0.4187281131744385,
    0.2526167035102844
  ],
  "equity": 100.0,
  "paper_trade": {
    "open": false
  },
  "trade_log": []
}