{
  "pred": 1,
  "conf": 0.34555041790008545,
  "notified_conf": 0.0,
  "ts": "2026-07-07 02:50",
  "btc_price": 63442.16,
  "live_price": 63364.0,
  "probs": [
    0.33065035939216614,
    0.34555041790008545,
    0.3237992525100708
  ],
  "equity": 100.0,
  "paper_trade": {
    "open": false
  },
  "trade_log": []
}