{
  "pred": 2,
  "conf": 0.35037896037101746,
  "notified_conf": 0.0,
  "ts": "2026-07-07 21:00",
  "btc_price": 63697.99,
  "live_price": 63775.77,
  "probs": [
    0.30377140641212463,
    0.34584954380989075,
    0.35037896037101746
  ],
  "equity": 100.0,
  "paper_trade": {
    "open": false
  },
  "trade_log": []
}