{
  "pred": 1,
  "conf": 0.3811691403388977,
  "notified_conf": 0.0,
  "ts": "2026-07-08 08:40",
  "btc_price": 61987.99,
  "live_price": 61938.87,
  "probs": [
    0.3778466284275055,
    0.3811691403388977,
    0.24098420143127441
  ],
  "equity": 100.0,
  "paper_trade": {
    "open": false
  },
  "trade_log": []
}