{
  "pred": 1,
  "conf": 0.35885924100875854,
  "notified_conf": 0.0,
  "ts": "2026-07-06 12:50",
  "btc_price": 61704.78,
  "live_price": 61858.11,
  "probs": [
    0.343558669090271,
    0.35885924100875854,
    0.29758208990097046
  ],
  "equity": 100.0,
  "paper_trade": {
    "open": false
  },
  "trade_log": []
}