{
  "pred": 1,
  "conf": 0.40393948554992676,
  "notified_conf": 0.0,
  "ts": "2026-07-07 09:25",
  "btc_price": 63182.01,
  "live_price": 63206.01,
  "probs": [
    0.32171130180358887,
    0.40393948554992676,
    0.27434927225112915
  ],
  "equity": 100.0,
  "paper_trade": {
    "open": false
  },
  "trade_log": []
}