{
  "pred": 1,
  "conf": 0.3689781427383423,
  "notified_conf": 0.0,
  "ts": "2026-07-07 19:10",
  "btc_price": 63606.6,
  "live_price": 63579.37,
  "probs": [
    0.3275311589241028,
    0.3689781427383423,
    0.3034907281398773
  ],
  "equity": 100.0,
  "paper_trade": {
    "open": false
  },
  "trade_log": []
}