{
  "pred": 1,
  "conf": 0.37283656001091003,
  "notified_conf": 0.0,
  "ts": "2026-07-07 12:05",
  "btc_price": 63484.84,
  "live_price": 63712.01,
  "probs": [
    0.3497166037559509,
    0.37283656001091003,
    0.2774468660354614
  ],
  "equity": 100.0,
  "paper_trade": {
    "open": false
  },
  "trade_log": []
}