{
  "pred": 2,
  "conf": 0.44401347637176514,
  "notified_conf": 0.0,
  "ts": "2026-07-06 00:50",
  "btc_price": 63698.0,
  "live_price": 63690.01,
  "probs": [
    0.3491969406604767,
    0.20678958296775818,
    0.44401347637176514
  ],
  "equity": 100.0,
  "paper_trade": {
    "open": false
  },
  "trade_log": []
}