{
  "pred": 2,
  "conf": 0.6058436632156372,
  "notified_conf": 0.0,
  "ts": "2026-07-05 21:15",
  "btc_price": 62738.29,
  "live_price": 62778.0,
  "probs": [
    0.2317781299352646,
    0.162378191947937,
    0.6058436632156372
  ],
  "equity": 100.0,
  "paper_trade": {
    "open": false
  },
  "trade_log": []
}