{
  "pred": 0,
  "conf": 0.4017504155635834,
  "notified_conf": 0.0,
  "ts": "2026-07-06 22:00",
  "btc_price": 64489.98,
  "live_price": 64364.01,
  "probs": [
    0.4017504155635834,
    0.34091871976852417,
    0.25733086466789246
  ],
  "equity": 100.0,
  "paper_trade": {
    "open": false
  },
  "trade_log": []
}