{
  "pred": 1,
  "conf": 0.35382920503616333,
  "notified_conf": 0.0,
  "ts": "2026-07-08 00:25",
  "btc_price": 63595.8,
  "live_price": 63629.99,
  "probs": [
    0.3056718409061432,
    0.35382920503616333,
    0.3404989540576935
  ],
  "equity": 100.0,
  "paper_trade": {
    "open": false
  },
  "trade_log": []
}