{
  "pred": 2,
  "conf": 0.43503519892692566,
  "notified_conf": 0.0,
  "ts": "2026-07-06 08:45",
  "btc_price": 62911.15,
  "live_price": 62910.32,
  "probs": [
    0.3113122284412384,
    0.25365251302719116,
    0.43503519892692566
  ],
  "equity": 100.0,
  "paper_trade": {
    "open": false
  },
  "trade_log": []
}