{
  "pred": 1,
  "conf": 0.36225318908691406,
  "notified_conf": 0.0,
  "ts": "2026-07-08 01:45",
  "btc_price": 63156.01,
  "live_price": 63150.57,
  "probs": [
    0.3207913041114807,
    0.36225318908691406,
    0.3169555068016052
  ],
  "equity": 100.0,
  "paper_trade": {
    "open": false
  },
  "trade_log": []
}