{
  "pred": 1,
  "conf": 0.38907742500305176,
  "notified_conf": 0.0,
  "ts": "2026-07-06 15:30",
  "btc_price": 62464.0,
  "live_price": 62390.0,
  "probs": [
    0.3206964433193207,
    0.38907742500305176,
    0.29022619128227234
  ],
  "equity": 100.0,
  "paper_trade": {
    "open": false
  },
  "trade_log": []
}