{
  "pred": 1,
  "conf": 0.38765445351600647,
  "notified_conf": 0.0,
  "ts": "2026-07-07 15:50",
  "btc_price": 63991.81,
  "live_price": 63960.86,
  "probs": [
    0.35720881819725037,
    0.38765445351600647,
    0.2551366984844208
  ],
  "equity": 100.0,
  "paper_trade": {
    "open": false
  },
  "trade_log": []
}