{
  "pred": 1,
  "conf": 0.38375070691108704,
  "notified_conf": 0.0,
  "ts": "2026-07-07 06:25",
  "btc_price": 63102.0,
  "live_price": 63120.6,
  "probs": [
    0.32292574644088745,
    0.38375070691108704,
    0.2933235466480255
  ],
  "equity": 100.0,
  "paper_trade": {
    "open": false
  },
  "trade_log": []
}