{
  "pred": 1,
  "conf": 0.3962070345878601,
  "notified_conf": 0.0,
  "ts": "2026-07-08 07:35",
  "btc_price": 62882.05,
  "live_price": 62833.38,
  "probs": [
    0.29226359724998474,
    0.3962070345878601,
    0.31152939796447754
  ],
  "equity": 100.0,
  "paper_trade": {
    "open": false
  },
  "trade_log": []
}