{
  "pred": 2,
  "conf": 0.38790130615234375,
  "notified_conf": 0.0,
  "ts": "2026-07-08 00:15",
  "btc_price": 63494.01,
  "live_price": 63447.4,
  "probs": [
    0.28809261322021484,
    0.324006050825119,
    0.38790130615234375
  ],
  "equity": 100.0,
  "paper_trade": {
    "open": false
  },
  "trade_log": []
}