{
  "pred": 2,
  "conf": 0.3715636432170868,
  "notified_conf": 0.0,
  "ts": "2026-07-07 00:20",
  "btc_price": 64098.36,
  "live_price": 64176.01,
  "probs": [
    0.3251061737537384,
    0.3033301830291748,
    0.3715636432170868
  ],
  "equity": 100.0,
  "paper_trade": {
    "open": false
  },
  "trade_log": []
}