{
  "pred": 1,
  "conf": 0.3713488280773163,
  "notified_conf": 0.0,
  "ts": "2026-07-06 18:25",
  "btc_price": 63808.0,
  "live_price": 63864.0,
  "probs": [
    0.35773056745529175,
    0.3713488280773163,
    0.27092063426971436
  ],
  "equity": 100.0,
  "paper_trade": {
    "open": false
  },
  "trade_log": []
}