{
  "pred": 1,
  "conf": 0.3848843276500702,
  "notified_conf": 0.0,
  "ts": "2026-07-06 13:10",
  "btc_price": 61754.95,
  "live_price": 61797.24,
  "probs": [
    0.29917412996292114,
    0.3848843276500702,
    0.31594157218933105
  ],
  "equity": 100.0,
  "paper_trade": {
    "open": false
  },
  "trade_log": []
}