{
  "pred": 0,
  "conf": 0.3525726795196533,
  "notified_conf": 0.0,
  "ts": "2026-07-06 20:45",
  "btc_price": 63832.0,
  "live_price": 63796.12,
  "probs": [
    0.3525726795196533,
    0.3396856188774109,
    0.307741641998291
  ],
  "equity": 100.0,
  "paper_trade": {
    "open": false
  },
  "trade_log": []
}