{
  "pred": 1,
  "conf": 0.3692309558391571,
  "notified_conf": 0.0,
  "ts": "2026-07-08 03:45",
  "btc_price": 62952.58,
  "live_price": 62900.0,
  "probs": [
    0.29298484325408936,
    0.3692309558391571,
    0.3377842903137207
  ],
  "equity": 100.0,
  "paper_trade": {
    "open": false
  },
  "trade_log": []
}