{
  "pred": 2,
  "conf": 0.38984915614128113,
  "notified_conf": 0.0,
  "ts": "2026-07-06 08:55",
  "btc_price": 62896.01,
  "live_price": 62914.0,
  "probs": [
    0.32587316632270813,
    0.28427764773368835,
    0.38984915614128113
  ],
  "equity": 100.0,
  "paper_trade": {
    "open": false
  },
  "trade_log": []
}