{
  "pred": 0,
  "conf": 0.3829386234283447,
  "notified_conf": 0.0,
  "ts": "2026-07-06 22:15",
  "btc_price": 64365.99,
  "live_price": 64430.01,
  "probs": [
    0.3829386234283447,
    0.3448299467563629,
    0.27223142981529236
  ],
  "equity": 100.0,
  "paper_trade": {
    "open": false
  },
  "trade_log": []
}