{
  "pred": 1,
  "conf": 0.4072728157043457,
  "notified_conf": 0.0,
  "ts": "2026-07-08 06:30",
  "btc_price": 62622.01,
  "live_price": 62532.44,
  "probs": [
    0.26671117544174194,
    0.4072728157043457,
    0.32601603865623474
  ],
  "equity": 100.0,
  "paper_trade": {
    "open": false
  },
  "trade_log": []
}