{
  "pred": 0,
  "conf": 0.3556039035320282,
  "notified_conf": 0.0,
  "ts": "2026-07-08 02:00",
  "btc_price": 63038.01,
  "live_price": 62885.18,
  "probs": [
    0.3556039035320282,
    0.3542454242706299,
    0.29015064239501953
  ],
  "equity": 100.0,
  "paper_trade": {
    "open": false
  },
  "trade_log": []
}