{
  "pred": 1,
  "conf": 0.38606739044189453,
  "notified_conf": 0.0,
  "ts": "2026-07-07 10:50",
  "btc_price": 63256.0,
  "live_price": 63258.41,
  "probs": [
    0.34785109758377075,
    0.38606739044189453,
    0.2660815417766571
  ],
  "equity": 100.0,
  "paper_trade": {
    "open": false
  },
  "trade_log": []
}