{
  "pred": 0,
  "conf": 0.3789166808128357,
  "notified_conf": 0.0,
  "ts": "2026-07-06 17:20",
  "btc_price": 63909.09,
  "live_price": 63897.59,
  "probs": [
    0.3789166808128357,
    0.35689032077789307,
    0.26419302821159363
  ],
  "equity": 100.0,
  "paper_trade": {
    "open": false
  },
  "trade_log": []
}