{
  "pred": 2,
  "conf": 0.36264121532440186,
  "notified_conf": 0.0,
  "ts": "2026-07-07 04:40",
  "btc_price": 63209.62,
  "live_price": 63203.99,
  "probs": [
    0.28403377532958984,
    0.3533250093460083,
    0.36264121532440186
  ],
  "equity": 100.0,
  "paper_trade": {
    "open": false
  },
  "trade_log": []
}