{
  "pred": 2,
  "conf": 0.5093513131141663,
  "notified_conf": 0.0,
  "ts": "2026-07-05 17:50",
  "btc_price": 62652.01,
  "live_price": 62645.27,
  "probs": [
    0.3048302233219147,
    0.18581844866275787,
    0.5093513131141663
  ],
  "equity": 100.0,
  "paper_trade": {
    "open": false
  },
  "trade_log": []
}