{
  "pred": 0,
  "conf": 0.36418625712394714,
  "notified_conf": 0.0,
  "ts": "2026-07-06 21:00",
  "btc_price": 63828.0,
  "live_price": 63837.99,
  "probs": [
    0.36418625712394714,
    0.31841856241226196,
    0.3173951804637909
  ],
  "equity": 100.0,
  "paper_trade": {
    "open": false
  },
  "trade_log": []
}