{
  "pred": 2,
  "conf": 0.5344080924987793,
  "notified_conf": 0.0,
  "ts": "2026-07-05 17:00",
  "btc_price": 62637.48,
  "live_price": 62700.0,
  "probs": [
    0.2597394585609436,
    0.2058524638414383,
    0.5344080924987793
  ],
  "equity": 100.0,
  "paper_trade": {
    "open": false
  },
  "trade_log": []
}