{
  "pred": 2,
  "conf": 0.3916222155094147,
  "notified_conf": 0.0,
  "ts": "2026-07-06 10:35",
  "btc_price": 62941.29,
  "live_price": 62951.98,
  "probs": [
    0.33645954728126526,
    0.27191826701164246,
    0.3916222155094147
  ],
  "equity": 100.0,
  "paper_trade": {
    "open": false
  },
  "trade_log": []
}