{
  "pred": 1,
  "conf": 0.38304293155670166,
  "notified_conf": 0.0,
  "ts": "2026-07-06 16:00",
  "btc_price": 63545.98,
  "live_price": 63470.53,
  "probs": [
    0.3662395477294922,
    0.38304293155670166,
    0.2507174611091614
  ],
  "equity": 100.0,
  "paper_trade": {
    "open": false
  },
  "trade_log": []
}