{
  "pred": 1,
  "conf": 0.39878395199775696,
  "notified_conf": 0.0,
  "ts": "2026-07-08 07:30",
  "btc_price": 62812.0,
  "live_price": 62845.99,
  "probs": [
    0.29392489790916443,
    0.39878395199775696,
    0.3072911500930786
  ],
  "equity": 100.0,
  "paper_trade": {
    "open": false
  },
  "trade_log": []
}