{
  "pred": 1,
  "conf": 0.384224534034729,
  "notified_conf": 0.0,
  "ts": "2026-07-08 06:20",
  "btc_price": 62585.99,
  "live_price": 62563.99,
  "probs": [
    0.28328126668930054,
    0.384224534034729,
    0.33249416947364807
  ],
  "equity": 100.0,
  "paper_trade": {
    "open": false
  },
  "trade_log": []
}