{
  "pred": 0,
  "conf": 0.3495962917804718,
  "notified_conf": 0.0,
  "ts": "2026-07-07 02:55",
  "btc_price": 63353.99,
  "live_price": 63316.0,
  "probs": [
    0.3495962917804718,
    0.34065571427345276,
    0.30974796414375305
  ],
  "equity": 100.0,
  "paper_trade": {
    "open": false
  },
  "trade_log": []
}