{
  "pred": 0,
  "conf": 0.40463757514953613,
  "notified_conf": 0.0,
  "ts": "2026-07-07 16:00",
  "btc_price": 63930.51,
  "live_price": 63969.99,
  "probs": [
    0.40463757514953613,
    0.3542692959308624,
    0.24109315872192383
  ],
  "equity": 100.0,
  "paper_trade": {
    "open": false
  },
  "trade_log": []
}