{
  "pred": 2,
  "conf": 0.4615961015224457,
  "notified_conf": 0.0,
  "ts": "2026-07-06 01:40",
  "btc_price": 63790.0,
  "live_price": 63756.0,
  "probs": [
    0.3607117533683777,
    0.17769211530685425,
    0.4615961015224457
  ],
  "equity": 100.0,
  "paper_trade": {
    "open": false
  },
  "trade_log": []
}