{
  "pred": 2,
  "conf": 0.3971799314022064,
  "notified_conf": 0.0,
  "ts": "2026-07-06 10:25",
  "btc_price": 62859.45,
  "live_price": 62862.0,
  "probs": [
    0.3240893483161926,
    0.2787306606769562,
    0.3971799314022064
  ],
  "equity": 100.0,
  "paper_trade": {
    "open": false
  },
  "trade_log": []
}