{
  "pred": 1,
  "conf": 0.35284483432769775,
  "notified_conf": 0.0,
  "ts": "2026-07-07 20:20",
  "btc_price": 63749.63,
  "live_price": 63722.0,
  "probs": [
    0.3367343842983246,
    0.35284483432769775,
    0.3104207217693329
  ],
  "equity": 100.0,
  "paper_trade": {
    "open": false
  },
  "trade_log": []
}