{
  "pred": 2,
  "conf": 0.5811904668807983,
  "notified_conf": 0.0,
  "ts": "2026-07-05 20:20",
  "btc_price": 62735.4,
  "live_price": 62762.0,
  "probs": [
    0.27179375290870667,
    0.1470157355070114,
    0.5811904668807983
  ],
  "equity": 100.0,
  "paper_trade": {
    "open": false
  },
  "trade_log": []
}