{
  "pred": 2,
  "conf": 0.46742942929267883,
  "notified_conf": 0.0,
  "ts": "2026-07-06 06:00",
  "btc_price": 63114.0,
  "live_price": 63146.0,
  "probs": [
    0.28797563910484314,
    0.244595006108284,
    0.46742942929267883
  ],
  "equity": 100.0,
  "paper_trade": {
    "open": false
  },
  "trade_log": []
}