{
  "pred": 2,
  "conf": 0.4904618263244629,
  "notified_conf": 0.0,
  "ts": "2026-07-06 06:35",
  "btc_price": 62972.63,
  "live_price": 63030.98,
  "probs": [
    0.2628014385700226,
    0.24673666059970856,
    0.4904618263244629
  ],
  "equity": 100.0,
  "paper_trade": {
    "open": false
  },
  "trade_log": []
}