{
  "pred": 1,
  "conf": 0.36002305150032043,
  "notified_conf": 0.0,
  "ts": "2026-07-07 20:45",
  "btc_price": 63673.99,
  "live_price": 63674.0,
  "probs": [
    0.3157408535480499,
    0.36002305150032043,
    0.32423606514930725
  ],
  "equity": 100.0,
  "paper_trade": {
    "open": false
  },
  "trade_log": []
}