{
  "pred": 1,
  "conf": 0.37709513306617737,
  "notified_conf": 0.0,
  "ts": "2026-07-08 06:25",
  "btc_price": 62679.8,
  "live_price": 62690.93,
  "probs": [
    0.28675973415374756,
    0.37709513306617737,
    0.33614516258239746
  ],
  "equity": 100.0,
  "paper_trade": {
    "open": false
  },
  "trade_log": []
}