{
  "pred": 2,
  "conf": 0.370846688747406,
  "notified_conf": 0.0,
  "ts": "2026-07-06 10:40",
  "btc_price": 63020.0,
  "live_price": 62928.0,
  "probs": [
    0.3594245910644531,
    0.2697286605834961,
    0.370846688747406
  ],
  "equity": 100.0,
  "paper_trade": {
    "open": false
  },
  "trade_log": []
}