{
  "pred": 1,
  "conf": 0.3538413941860199,
  "notified_conf": 0.0,
  "ts": "2026-07-07 22:35",
  "btc_price": 63529.6,
  "live_price": 63649.25,
  "probs": [
    0.29588910937309265,
    0.3538413941860199,
    0.35026952624320984
  ],
  "equity": 100.0,
  "paper_trade": {
    "open": false
  },
  "trade_log": []
}