{
  "pred": 2,
  "conf": 0.5578818917274475,
  "notified_conf": 0.0,
  "ts": "2026-07-05 18:45",
  "btc_price": 62770.47,
  "live_price": 62769.04,
  "probs": [
    0.2989104092121124,
    0.14320765435695648,
    0.5578818917274475
  ],
  "equity": 100.0,
  "paper_trade": {
    "open": false
  },
  "trade_log": []
}