{
  "pred": 1,
  "conf": 0.382435142993927,
  "notified_conf": 0.0,
  "ts": "2026-07-08 04:45",
  "btc_price": 62741.06,
  "live_price": 62746.0,
  "probs": [
    0.2820783257484436,
    0.382435142993927,
    0.3354865610599518
  ],
  "equity": 100.0,
  "paper_trade": {
    "open": false
  },
  "trade_log": []
}