{
  "pred": 1,
  "conf": 0.3912937343120575,
  "notified_conf": 0.0,
  "ts": "2026-07-07 09:10",
  "btc_price": 63166.01,
  "live_price": 63208.99,
  "probs": [
    0.31472083926200867,
    0.3912937343120575,
    0.2939854562282562
  ],
  "equity": 100.0,
  "paper_trade": {
    "open": false
  },
  "trade_log": []
}