{
  "pred": 2,
  "conf": 0.3537668287754059,
  "notified_conf": 0.0,
  "ts": "2026-07-07 23:05",
  "btc_price": 63595.48,
  "live_price": 63656.87,
  "probs": [
    0.30421751737594604,
    0.34201571345329285,
    0.3537668287754059
  ],
  "equity": 100.0,
  "paper_trade": {
    "open": false
  },
  "trade_log": []
}