{
  "pred": 1,
  "conf": 0.3526759147644043,
  "notified_conf": 0.0,
  "ts": "2026-07-07 03:35",
  "btc_price": 63314.0,
  "live_price": 63323.36,
  "probs": [
    0.32374826073646545,
    0.3526759147644043,
    0.3235759139060974
  ],
  "equity": 100.0,
  "paper_trade": {
    "open": false
  },
  "trade_log": []
}