{
  "pred": 1,
  "conf": 0.39349815249443054,
  "notified_conf": 0.0,
  "ts": "2026-07-07 15:05",
  "btc_price": 63477.87,
  "live_price": 63414.25,
  "probs": [
    0.3588787913322449,
    0.39349815249443054,
    0.2476230412721634
  ],
  "equity": 100.0,
  "paper_trade": {
    "open": false
  },
  "trade_log": []
}