{
  "pred": 2,
  "conf": 0.418192058801651,
  "notified_conf": 0.0,
  "ts": "2026-07-05 22:45",
  "btc_price": 63559.19,
  "live_price": 63590.0,
  "probs": [
    0.41254276037216187,
    0.16926513612270355,
    0.418192058801651
  ],
  "equity": 100.0,
  "paper_trade": {
    "open": false
  },
  "trade_log": []
}