{
  "pred": 1,
  "conf": 0.3731631636619568,
  "notified_conf": 0.0,
  "ts": "2026-07-07 10:25",
  "btc_price": 63365.23,
  "live_price": 63384.0,
  "probs": [
    0.35919857025146484,
    0.3731631636619568,
    0.2676382064819336
  ],
  "equity": 100.0,
  "paper_trade": {
    "open": false
  },
  "trade_log": []
}