{
  "pred": 1,
  "conf": 0.3885573446750641,
  "notified_conf": 0.0,
  "ts": "2026-07-07 14:10",
  "btc_price": 63088.74,
  "live_price": 63116.32,
  "probs": [
    0.325939804315567,
    0.3885573446750641,
    0.2855028510093689
  ],
  "equity": 100.0,
  "paper_trade": {
    "open": false
  },
  "trade_log": []
}