{
  "pred": 1,
  "conf": 0.3857097923755646,
  "notified_conf": 0.0,
  "ts": "2026-07-07 08:35",
  "btc_price": 63078.0,
  "live_price": 63099.89,
  "probs": [
    0.3183060586452484,
    0.3857097923755646,
    0.295984148979187
  ],
  "equity": 100.0,
  "paper_trade": {
    "open": false
  },
  "trade_log": []
}