{
  "pred": 2,
  "conf": 0.5834024548530579,
  "notified_conf": 0.0,
  "ts": "2026-07-05 20:25",
  "btc_price": 62762.0,
  "live_price": 62715.58,
  "probs": [
    0.27085986733436584,
    0.1457376778125763,
    0.5834024548530579
  ],
  "equity": 100.0,
  "paper_trade": {
    "open": false
  },
  "trade_log": []
}