{
  "pred": 1,
  "conf": 0.3734022378921509,
  "notified_conf": 0.0,
  "ts": "2026-07-08 04:50",
  "btc_price": 62710.01,
  "live_price": 62706.38,
  "probs": [
    0.293386310338974,
    0.3734022378921509,
    0.3332115113735199
  ],
  "equity": 100.0,
  "paper_trade": {
    "open": false
  },
  "trade_log": []
}