{
  "pred": 0,
  "conf": 0.3757436275482178,
  "notified_conf": 0.0,
  "ts": "2026-07-07 18:30",
  "btc_price": 63990.61,
  "live_price": 63996.0,
  "probs": [
    0.3757436275482178,
    0.34419724345207214,
    0.28005915880203247
  ],
  "equity": 100.0,
  "paper_trade": {
    "open": false
  },
  "trade_log": []
}