{
  "pred": 1,
  "conf": 0.37903544306755066,
  "notified_conf": 0.0,
  "ts": "2026-07-08 08:10",
  "btc_price": 62830.4,
  "live_price": 62804.0,
  "probs": [
    0.31690889596939087,
    0.37903544306755066,
    0.30405566096305847
  ],
  "equity": 100.0,
  "paper_trade": {
    "open": false
  },
  "trade_log": []
}