{
  "pred": 2,
  "conf": 0.510500967502594,
  "notified_conf": 0.0,
  "ts": "2026-07-06 06:45",
  "btc_price": 63072.0,
  "live_price": 63041.36,
  "probs": [
    0.27424356341362,
    0.21525540947914124,
    0.510500967502594
  ],
  "equity": 100.0,
  "paper_trade": {
    "open": false
  },
  "trade_log": []
}