{
  "pred": 1,
  "conf": 0.44387495517730713,
  "notified_conf": 0.0,
  "ts": "2026-07-08 10:45",
  "btc_price": 62140.52,
  "live_price": 62138.99,
  "probs": [
    0.2551637887954712,
    0.44387495517730713,
    0.3009612262248993
  ],
  "equity": 100.0,
  "paper_trade": {
    "open": false
  },
  "trade_log": []
}