{
  "pred": 1,
  "conf": 0.388029009103775,
  "notified_conf": 0.0,
  "ts": "2026-07-07 10:15",
  "btc_price": 63364.01,
  "live_price": 63389.99,
  "probs": [
    0.33076465129852295,
    0.388029009103775,
    0.28120630979537964
  ],
  "equity": 100.0,
  "paper_trade": {
    "open": false
  },
  "trade_log": []
}