{
  "pred": 1,
  "conf": 0.36825743317604065,
  "notified_conf": 0.0,
  "ts": "2026-07-08 03:55",
  "btc_price": 62705.47,
  "live_price": 62750.14,
  "probs": [
    0.33996912837028503,
    0.36825743317604065,
    0.2917735278606415
  ],
  "equity": 100.0,
  "paper_trade": {
    "open": false
  },
  "trade_log": []
}