{
  "pred": 1,
  "conf": 0.4369772672653198,
  "notified_conf": 0.0,
  "ts": "2026-07-08 11:05",
  "btc_price": 62142.01,
  "live_price": 62158.0,
  "probs": [
    0.26949700713157654,
    0.4369772672653198,
    0.29352572560310364
  ],
  "equity": 100.0,
  "paper_trade": {
    "open": false
  },
  "trade_log": []
}