{
  "pred": 1,
  "conf": 0.37305575609207153,
  "notified_conf": 0.0,
  "ts": "2026-07-08 01:40",
  "btc_price": 63011.99,
  "live_price": 63091.76,
  "probs": [
    0.3616129755973816,
    0.37305575609207153,
    0.2653312683105469
  ],
  "equity": 100.0,
  "paper_trade": {
    "open": false
  },
  "trade_log": []
}