{
  "pred": 0,
  "conf": 0.37571802735328674,
  "notified_conf": 0.0,
  "ts": "2026-07-07 18:25",
  "btc_price": 64040.67,
  "live_price": 64019.99,
  "probs": [
    0.37571802735328674,
    0.3347629904747009,
    0.2895190715789795
  ],
  "equity": 100.0,
  "paper_trade": {
    "open": false
  },
  "trade_log": []
}