{
  "pred": 1,
  "conf": 0.3936525285243988,
  "notified_conf": 0.0,
  "ts": "2026-07-07 09:40",
  "btc_price": 63216.39,
  "live_price": 63274.0,
  "probs": [
    0.32068610191345215,
    0.3936525285243988,
    0.28566139936447144
  ],
  "equity": 100.0,
  "paper_trade": {
    "open": false
  },
  "trade_log": []
}