{
  "pred": 1,
  "conf": 0.3707747459411621,
  "notified_conf": 0.0,
  "ts": "2026-07-08 04:10",
  "btc_price": 62845.02,
  "live_price": 62820.0,
  "probs": [
    0.2996203899383545,
    0.3707747459411621,
    0.3296048939228058
  ],
  "equity": 100.0,
  "paper_trade": {
    "open": false
  },
  "trade_log": []
}