{
  "pred": 1,
  "conf": 0.3533148169517517,
  "notified_conf": 0.0,
  "ts": "2026-07-08 03:35",
  "btc_price": 62934.13,
  "live_price": 62961.27,
  "probs": [
    0.32478561997413635,
    0.3533148169517517,
    0.3218995928764343
  ],
  "equity": 100.0,
  "paper_trade": {
    "open": false
  },
  "trade_log": []
}