{
  "pred": 1,
  "conf": 0.41116341948509216,
  "notified_conf": 0.0,
  "ts": "2026-07-06 15:00",
  "btc_price": 62052.0,
  "live_price": 62062.0,
  "probs": [
    0.2853061556816101,
    0.41116341948509216,
    0.30353039503097534
  ],
  "equity": 100.0,
  "paper_trade": {
    "open": false
  },
  "trade_log": []
}