{
  "pred": 2,
  "conf": 0.3670749068260193,
  "notified_conf": 0.0,
  "ts": "2026-07-06 10:50",
  "btc_price": 62840.74,
  "live_price": 62871.87,
  "probs": [
    0.336804062128067,
    0.2961210608482361,
    0.3670749068260193
  ],
  "equity": 100.0,
  "paper_trade": {
    "open": false
  },
  "trade_log": []
}