{
  "pred": 1,
  "conf": 0.37199732661247253,
  "notified_conf": 0.0,
  "ts": "2026-07-07 14:45",
  "btc_price": 62937.99,
  "live_price": 63034.47,
  "probs": [
    0.3312327265739441,
    0.37199732661247253,
    0.296769917011261
  ],
  "equity": 100.0,
  "paper_trade": {
    "open": false
  },
  "trade_log": []
}