{
  "pred": 0,
  "conf": 0.3777902126312256,
  "notified_conf": 0.0,
  "ts": "2026-07-06 23:05",
  "btc_price": 64254.58,
  "live_price": 64296.0,
  "probs": [
    0.3777902126312256,
    0.31568750739097595,
    0.30652233958244324
  ],
  "equity": 100.0,
  "paper_trade": {
    "open": false
  },
  "trade_log": []
}