{
  "pred": 1,
  "conf": 0.38191983103752136,
  "notified_conf": 0.0,
  "ts": "2026-07-06 14:25",
  "btc_price": 61941.99,
  "live_price": 62124.01,
  "probs": [
    0.3068254292011261,
    0.38191983103752136,
    0.31125470995903015
  ],
  "equity": 100.0,
  "paper_trade": {
    "open": false
  },
  "trade_log": []
}