{
  "pred": 1,
  "conf": 0.36925208568573,
  "notified_conf": 0.0,
  "ts": "2026-07-08 05:40",
  "btc_price": 62662.75,
  "live_price": 62672.49,
  "probs": [
    0.31799542903900146,
    0.36925208568573,
    0.31275251507759094
  ],
  "equity": 100.0,
  "paper_trade": {
    "open": false
  },
  "trade_log": []
}