{
  "pred": 2,
  "conf": 0.5441970229148865,
  "notified_conf": 0.0,
  "ts": "2026-07-05 18:30",
  "btc_price": 62681.94,
  "live_price": 62685.2,
  "probs": [
    0.2883925139904022,
    0.16741040349006653,
    0.5441970229148865
  ],
  "equity": 100.0,
  "paper_trade": {
    "open": false
  },
  "trade_log": []
}