{
  "pred": 1,
  "conf": 0.39452603459358215,
  "notified_conf": 0.0,
  "ts": "2026-07-07 10:40",
  "btc_price": 63310.0,
  "live_price": 63299.33,
  "probs": [
    0.3359898626804352,
    0.39452603459358215,
    0.26948413252830505
  ],
  "equity": 100.0,
  "paper_trade": {
    "open": false
  },
  "trade_log": []
}