{
  "pred": 0,
  "conf": 0.40222930908203125,
  "notified_conf": 0.0,
  "ts": "2026-07-07 16:40",
  "btc_price": 64029.99,
  "live_price": 63987.99,
  "probs": [
    0.40222930908203125,
    0.33800551295280457,
    0.2597652077674866
  ],
  "equity": 100.0,
  "paper_trade": {
    "open": false
  },
  "trade_log": []
}