{
  "pred": 1,
  "conf": 0.34875059127807617,
  "notified_conf": 0.0,
  "ts": "2026-07-07 22:25",
  "btc_price": 63430.01,
  "live_price": 63422.98,
  "probs": [
    0.31223025918006897,
    0.34875059127807617,
    0.33901917934417725
  ],
  "equity": 100.0,
  "paper_trade": {
    "open": false
  },
  "trade_log": []
}