{
  "pred": 1,
  "conf": 0.3835783302783966,
  "notified_conf": 0.0,
  "ts": "2026-07-08 06:10",
  "btc_price": 62624.0,
  "live_price": 62587.92,
  "probs": [
    0.28268909454345703,
    0.3835783302783966,
    0.33373257517814636
  ],
  "equity": 100.0,
  "paper_trade": {
    "open": false
  },
  "trade_log": []
}