{
  "pred": 1,
  "conf": 0.3680225908756256,
  "notified_conf": 0.0,
  "ts": "2026-07-07 05:45",
  "btc_price": 63168.03,
  "live_price": 63158.95,
  "probs": [
    0.3406393826007843,
    0.3680225908756256,
    0.2913380563259125
  ],
  "equity": 100.0,
  "paper_trade": {
    "open": false
  },
  "trade_log": []
}