{
  "pred": 0,
  "conf": 0.3605889081954956,
  "notified_conf": 0.0,
  "ts": "2026-07-07 21:20",
  "btc_price": 63548.0,
  "live_price": 63519.53,
  "probs": [
    0.3605889081954956,
    0.3485329747200012,
    0.2908779978752136
  ],
  "equity": 100.0,
  "paper_trade": {
    "open": false
  },
  "trade_log": []
}