{
  "pred": 0,
  "conf": 0.388278603553772,
  "notified_conf": 0.0,
  "ts": "2026-07-06 22:25",
  "btc_price": 64283.89,
  "live_price": 64220.0,
  "probs": [
    0.388278603553772,
    0.3353353440761566,
    0.27638599276542664
  ],
  "equity": 100.0,
  "paper_trade": {
    "open": false
  },
  "trade_log": []
}