{
  "pred": 1,
  "conf": 0.37195146083831787,
  "notified_conf": 0.0,
  "ts": "2026-07-07 14:05",
  "btc_price": 63100.0,
  "live_price": 62999.47,
  "probs": [
    0.35274234414100647,
    0.37195146083831787,
    0.2753061056137085
  ],
  "equity": 100.0,
  "paper_trade": {
    "open": false
  },
  "trade_log": []
}