{
  "pred": 0,
  "conf": 0.4181360900402069,
  "notified_conf": 0.0,
  "ts": "2026-07-07 17:50",
  "btc_price": 64169.51,
  "live_price": 64133.49,
  "probs": [
    0.4181360900402069,
    0.3313671052455902,
    0.2504968047142029
  ],
  "equity": 100.0,
  "paper_trade": {
    "open": false
  },
  "trade_log": []
}