{
  "pred": 2,
  "conf": 0.4124282896518707,
  "notified_conf": 0.0,
  "ts": "2026-07-05 23:45",
  "btc_price": 63703.49,
  "live_price": 63656.43,
  "probs": [
    0.36815014481544495,
    0.2194216102361679,
    0.4124282896518707
  ],
  "equity": 100.0,
  "paper_trade": {
    "open": false
  },
  "trade_log": []
}