{
  "pred": 1,
  "conf": 0.3593742847442627,
  "notified_conf": 0.0,
  "ts": "2026-07-08 02:15",
  "btc_price": 62888.0,
  "live_price": 62890.01,
  "probs": [
    0.34597525000572205,
    0.3593742847442627,
    0.29465049505233765
  ],
  "equity": 100.0,
  "paper_trade": {
    "open": false
  },
  "trade_log": []
}