{
  "pred": 2,
  "conf": 0.5157434940338135,
  "notified_conf": 0.0,
  "ts": "2026-07-06 01:45",
  "btc_price": 63724.38,
  "live_price": 63606.01,
  "probs": [
    0.3195599615573883,
    0.1646965891122818,
    0.5157434940338135
  ],
  "equity": 100.0,
  "paper_trade": {
    "open": false
  },
  "trade_log": []
}