{
  "pred": 1,
  "conf": 0.3585233986377716,
  "notified_conf": 0.0,
  "ts": "2026-07-06 13:20",
  "btc_price": 61556.15,
  "live_price": 61544.0,
  "probs": [
    0.3369884788990021,
    0.3585233986377716,
    0.3044881522655487
  ],
  "equity": 100.0,
  "paper_trade": {
    "open": false
  },
  "trade_log": []
}