{
  "pred": 1,
  "conf": 0.351992666721344,
  "notified_conf": 0.0,
  "ts": "2026-07-07 20:30",
  "btc_price": 63730.0,
  "live_price": 63660.0,
  "probs": [
    0.31739482283592224,
    0.351992666721344,
    0.33061254024505615
  ],
  "equity": 100.0,
  "paper_trade": {
    "open": false
  },
  "trade_log": []
}