{
  "pred": 1,
  "conf": 0.37410154938697815,
  "notified_conf": 0.0,
  "ts": "2026-07-07 13:40",
  "btc_price": 63038.01,
  "live_price": 63112.01,
  "probs": [
    0.34655043482780457,
    0.37410154938697815,
    0.2793479859828949
  ],
  "equity": 100.0,
  "paper_trade": {
    "open": false
  },
  "trade_log": []
}