{
  "pred": 2,
  "conf": 0.48978784680366516,
  "notified_conf": 0.0,
  "ts": "2026-07-06 02:45",
  "btc_price": 63391.99,
  "live_price": 63461.99,
  "probs": [
    0.2970542311668396,
    0.21315796673297882,
    0.48978784680366516
  ],
  "equity": 100.0,
  "paper_trade": {
    "open": false
  },
  "trade_log": []
}