{
  "pred": 0,
  "conf": 0.40038490295410156,
  "notified_conf": 0.0,
  "ts": "2026-07-07 17:00",
  "btc_price": 63983.27,
  "live_price": 64007.75,
  "probs": [
    0.40038490295410156,
    0.33950871229171753,
    0.2601064145565033
  ],
  "equity": 100.0,
  "paper_trade": {
    "open": false
  },
  "trade_log": []
}