{
  "pred": 2,
  "conf": 0.5114014744758606,
  "notified_conf": 0.0,
  "ts": "2026-07-06 01:55",
  "btc_price": 63581.77,
  "live_price": 63577.99,
  "probs": [
    0.30556219816207886,
    0.18303638696670532,
    0.5114014744758606
  ],
  "equity": 100.0,
  "paper_trade": {
    "open": false
  },
  "trade_log": []
}