{
  "pred": 2,
  "conf": 0.48449721932411194,
  "notified_conf": 0.0,
  "ts": "2026-07-06 08:00",
  "btc_price": 63089.42,
  "live_price": 63126.01,
  "probs": [
    0.3184087872505188,
    0.19709405303001404,
    0.48449721932411194
  ],
  "equity": 100.0,
  "paper_trade": {
    "open": false
  },
  "trade_log": []
}