{
  "pred": 2,
  "conf": 0.5003401041030884,
  "notified_conf": 0.0,
  "ts": "2026-07-05 16:05",
  "btc_price": 62720.85,
  "live_price": 62728.29,
  "probs": [
    0.2925967276096344,
    0.20706313848495483,
    0.5003401041030884
  ],
  "equity": 100.0,
  "paper_trade": {
    "open": false
  },
  "trade_log": []
}