{
  "pred": 1,
  "conf": 0.38168954849243164,
  "notified_conf": 0.0,
  "ts": "2026-07-07 13:00",
  "btc_price": 63481.39,
  "live_price": 63475.38,
  "probs": [
    0.37556299567222595,
    0.38168954849243164,
    0.2427474856376648
  ],
  "equity": 100.0,
  "paper_trade": {
    "open": false
  },
  "trade_log": []
}