{
  "pred": 1,
  "conf": 0.3723066449165344,
  "notified_conf": 0.0,
  "ts": "2026-07-06 12:40",
  "btc_price": 62000.01,
  "live_price": 61784.0,
  "probs": [
    0.3364082872867584,
    0.3723066449165344,
    0.2912850081920624
  ],
  "equity": 100.0,
  "paper_trade": {
    "open": false
  },
  "trade_log": []
}