{
  "pred": 0,
  "conf": 0.3712255358695984,
  "notified_conf": 0.0,
  "ts": "2026-07-06 11:40",
  "btc_price": 62885.99,
  "live_price": 62919.49,
  "probs": [
    0.3712255358695984,
    0.28805047273635864,
    0.34072399139404297
  ],
  "equity": 100.0,
  "paper_trade": {
    "open": false
  },
  "trade_log": []
}