{
  "pred": 1,
  "conf": 0.34971269965171814,
  "notified_conf": 0.0,
  "ts": "2026-07-07 02:45",
  "btc_price": 63596.82,
  "live_price": 63508.0,
  "probs": [
    0.311252623796463,
    0.34971269965171814,
    0.33903470635414124
  ],
  "equity": 100.0,
  "paper_trade": {
    "open": false
  },
  "trade_log": []
}