{
  "pred": 0,
  "conf": 0.3613951802253723,
  "notified_conf": 0.0,
  "ts": "2026-07-07 00:35",
  "btc_price": 64211.16,
  "live_price": 64150.0,
  "probs": [
    0.3613951802253723,
    0.3052997589111328,
    0.33330512046813965
  ],
  "equity": 100.0,
  "paper_trade": {
    "open": false
  },
  "trade_log": []
}