{
  "pred": 2,
  "conf": 0.3487725555896759,
  "notified_conf": 0.0,
  "ts": "2026-07-07 22:50",
  "btc_price": 63501.91,
  "live_price": 63576.38,
  "probs": [
    0.3069406747817993,
    0.3442867696285248,
    0.3487725555896759
  ],
  "equity": 100.0,
  "paper_trade": {
    "open": false
  },
  "trade_log": []
}