{
  "pred": 2,
  "conf": 0.35510557889938354,
  "notified_conf": 0.0,
  "ts": "2026-07-06 23:55",
  "btc_price": 64110.09,
  "live_price": 64110.08,
  "probs": [
    0.34222060441970825,
    0.3026738464832306,
    0.35510557889938354
  ],
  "equity": 100.0,
  "paper_trade": {
    "open": false
  },
  "trade_log": []
}