{
  "pred": 0,
  "conf": 0.368084579706192,
  "notified_conf": 0.0,
  "ts": "2026-07-06 19:40",
  "btc_price": 63776.31,
  "live_price": 63807.61,
  "probs": [
    0.368084579706192,
    0.33853355050086975,
    0.29338181018829346
  ],
  "equity": 100.0,
  "paper_trade": {
    "open": false
  },
  "trade_log": []
}