{
  "pred": 2,
  "conf": 0.4084908664226532,
  "notified_conf": 0.0,
  "ts": "2026-07-06 09:55",
  "btc_price": 62674.0,
  "live_price": 62664.77,
  "probs": [
    0.2865930199623108,
    0.304916113615036,
    0.4084908664226532
  ],
  "equity": 100.0,
  "paper_trade": {
    "open": false
  },
  "trade_log": []
}