{
  "pred": 0,
  "conf": 0.382844477891922,
  "notified_conf": 0.0,
  "ts": "2026-07-07 18:45",
  "btc_price": 64086.0,
  "live_price": 64006.6,
  "probs": [
    0.382844477891922,
    0.33126208186149597,
    0.2858934998512268
  ],
  "equity": 100.0,
  "paper_trade": {
    "open": false
  },
  "trade_log": []
}