{
  "pred": 1,
  "conf": 0.353570818901062,
  "notified_conf": 0.0,
  "ts": "2026-07-07 22:00",
  "btc_price": 63423.94,
  "live_price": 63386.01,
  "probs": [
    0.327925443649292,
    0.353570818901062,
    0.3185036778450012
  ],
  "equity": 100.0,
  "paper_trade": {
    "open": false
  },
  "trade_log": []
}