{
  "pred": 2,
  "conf": 0.44835782051086426,
  "notified_conf": 0.0,
  "ts": "2026-07-05 15:45",
  "btc_price": 62704.01,
  "live_price": 62727.1,
  "probs": [
    0.3168008625507355,
    0.2348412573337555,
    0.44835782051086426
  ],
  "equity": 100.0,
  "paper_trade": {
    "open": false
  },
  "trade_log": []
}