{
  "pred": 0,
  "conf": 0.3732560873031616,
  "notified_conf": 0.0,
  "ts": "2026-07-07 14:40",
  "btc_price": 62888.0,
  "live_price": 62953.02,
  "probs": [
    0.3732560873031616,
    0.367575079202652,
    0.2591688632965088
  ],
  "equity": 100.0,
  "paper_trade": {
    "open": false
  },
  "trade_log": []
}