{
  "pred": 1,
  "conf": 0.38266104459762573,
  "notified_conf": 0.0,
  "ts": "2026-07-07 11:45",
  "btc_price": 63262.36,
  "live_price": 63308.04,
  "probs": [
    0.320197194814682,
    0.38266104459762573,
    0.2971417307853699
  ],
  "equity": 100.0,
  "paper_trade": {
    "open": false
  },
  "trade_log": []
}