{
  "pred": 2,
  "conf": 0.34800001978874207,
  "notified_conf": 0.0,
  "ts": "2026-07-08 00:30",
  "btc_price": 63606.0,
  "live_price": 63601.49,
  "probs": [
    0.31923478841781616,
    0.3327651917934418,
    0.34800001978874207
  ],
  "equity": 100.0,
  "paper_trade": {
    "open": false
  },
  "trade_log": []
}