{
  "pred": 2,
  "conf": 0.5137547254562378,
  "notified_conf": 0.0,
  "ts": "2026-07-05 17:15",
  "btc_price": 62722.74,
  "live_price": 62704.61,
  "probs": [
    0.30690479278564453,
    0.1793404519557953,
    0.5137547254562378
  ],
  "equity": 100.0,
  "paper_trade": {
    "open": false
  },
  "trade_log": []
}