{
  "pred": 1,
  "conf": 0.368865430355072,
  "notified_conf": 0.0,
  "ts": "2026-07-08 04:20",
  "btc_price": 62804.01,
  "live_price": 62831.99,
  "probs": [
    0.308897465467453,
    0.368865430355072,
    0.3222370743751526
  ],
  "equity": 100.0,
  "paper_trade": {
    "open": false
  },
  "trade_log": []
}