{
  "pred": 1,
  "conf": 0.4118773937225342,
  "notified_conf": 0.0,
  "ts": "2026-07-08 06:50",
  "btc_price": 62650.0,
  "live_price": 62706.98,
  "probs": [
    0.2684742212295532,
    0.4118773937225342,
    0.3196483850479126
  ],
  "equity": 100.0,
  "paper_trade": {
    "open": false
  },
  "trade_log": []
}