{
  "pred": 2,
  "conf": 0.5393882989883423,
  "notified_conf": 0.0,
  "ts": "2026-07-05 18:25",
  "btc_price": 62689.93,
  "live_price": 62717.99,
  "probs": [
    0.28183549642562866,
    0.17877618968486786,
    0.5393882989883423
  ],
  "equity": 100.0,
  "paper_trade": {
    "open": false
  },
  "trade_log": []
}