{
  "pred": 1,
  "conf": 0.380561500787735,
  "notified_conf": 0.0,
  "ts": "2026-07-08 09:30",
  "btc_price": 61937.99,
  "live_price": 62140.01,
  "probs": [
    0.32881486415863037,
    0.380561500787735,
    0.2906236946582794
  ],
  "equity": 100.0,
  "paper_trade": {
    "open": false
  },
  "trade_log": []
}