{
  "pred": 1,
  "conf": 0.3780892789363861,
  "notified_conf": 0.0,
  "ts": "2026-07-08 09:15",
  "btc_price": 61883.73,
  "live_price": 61799.92,
  "probs": [
    0.33483022451400757,
    0.3780892789363861,
    0.2870804965496063
  ],
  "equity": 100.0,
  "paper_trade": {
    "open": false
  },
  "trade_log": []
}