{
  "pred": 1,
  "conf": 0.35992395877838135,
  "notified_conf": 0.0,
  "ts": "2026-07-07 05:30",
  "btc_price": 62939.47,
  "live_price": 63088.65,
  "probs": [
    0.3338589668273926,
    0.35992395877838135,
    0.30621710419654846
  ],
  "equity": 100.0,
  "paper_trade": {
    "open": false
  },
  "trade_log": []
}