{
  "pred": 2,
  "conf": 0.40255218744277954,
  "notified_conf": 0.0,
  "ts": "2026-07-07 00:15",
  "btc_price": 64024.99,
  "live_price": 64082.91,
  "probs": [
    0.31310009956359863,
    0.2843477427959442,
    0.40255218744277954
  ],
  "equity": 100.0,
  "paper_trade": {
    "open": false
  },
  "trade_log": []
}