{
  "pred": 0,
  "conf": 0.35863131284713745,
  "notified_conf": 0.0,
  "ts": "2026-07-06 11:35",
  "btc_price": 62956.73,
  "live_price": 62946.01,
  "probs": [
    0.35863131284713745,
    0.2904224991798401,
    0.35094618797302246
  ],
  "equity": 100.0,
  "paper_trade": {
    "open": false
  },
  "trade_log": []
}