{
  "pred": 0,
  "conf": 0.3534514605998993,
  "notified_conf": 0.0,
  "ts": "2026-07-06 20:15",
  "btc_price": 63602.06,
  "live_price": 63604.64,
  "probs": [
    0.3534514605998993,
    0.34438300132751465,
    0.30216556787490845
  ],
  "equity": 100.0,
  "paper_trade": {
    "open": false
  },
  "trade_log": []
}