{
  "pred": 1,
  "conf": 0.35514599084854126,
  "notified_conf": 0.0,
  "ts": "2026-07-07 20:50",
  "btc_price": 63623.99,
  "live_price": 63626.85,
  "probs": [
    0.32515576481819153,
    0.35514599084854126,
    0.3196982443332672
  ],
  "equity": 100.0,
  "paper_trade": {
    "open": false
  },
  "trade_log": []
}