{
  "pred": 2,
  "conf": 0.41562801599502563,
  "notified_conf": 0.0,
  "ts": "2026-07-05 23:25",
  "btc_price": 63706.78,
  "live_price": 63688.0,
  "probs": [
    0.40633776783943176,
    0.17803417146205902,
    0.41562801599502563
  ],
  "equity": 100.0,
  "paper_trade": {
    "open": false
  },
  "trade_log": []
}