{
  "pred": 1,
  "conf": 0.4482440650463104,
  "notified_conf": 0.0,
  "ts": "2026-07-08 11:00",
  "btc_price": 62183.12,
  "live_price": 62150.3,
  "probs": [
    0.25566035509109497,
    0.4482440650463104,
    0.29609552025794983
  ],
  "equity": 100.0,
  "paper_trade": {
    "open": false
  },
  "trade_log": []
}