{
  "pred": 1,
  "conf": 0.3810575604438782,
  "notified_conf": 0.0,
  "ts": "2026-07-07 13:10",
  "btc_price": 63371.06,
  "live_price": 63344.0,
  "probs": [
    0.33956336975097656,
    0.3810575604438782,
    0.27937906980514526
  ],
  "equity": 100.0,
  "paper_trade": {
    "open": false
  },
  "trade_log": []
}