{
  "pred": 1,
  "conf": 0.34879621863365173,
  "notified_conf": 0.0,
  "ts": "2026-07-07 20:05",
  "btc_price": 63874.01,
  "live_price": 63725.05,
  "probs": [
    0.31247976422309875,
    0.34879621863365173,
    0.3387240171432495
  ],
  "equity": 100.0,
  "paper_trade": {
    "open": false
  },
  "trade_log": []
}