{
  "pred": 1,
  "conf": 0.3738352954387665,
  "notified_conf": 0.0,
  "ts": "2026-07-07 07:40",
  "btc_price": 63113.67,
  "live_price": 63120.4,
  "probs": [
    0.3517521023750305,
    0.3738352954387665,
    0.27441269159317017
  ],
  "equity": 100.0,
  "paper_trade": {
    "open": false
  },
  "trade_log": []
}