{
  "pred": 1,
  "conf": 0.40290364623069763,
  "notified_conf": 0.0,
  "ts": "2026-07-07 09:30",
  "btc_price": 63168.31,
  "live_price": 63171.99,
  "probs": [
    0.3111404776573181,
    0.40290364623069763,
    0.28595584630966187
  ],
  "equity": 100.0,
  "paper_trade": {
    "open": false
  },
  "trade_log": []
}