{
  "pred": 1,
  "conf": 0.39737534523010254,
  "notified_conf": 0.0,
  "ts": "2026-07-06 15:50",
  "btc_price": 62904.01,
  "live_price": 63455.99,
  "probs": [
    0.34467530250549316,
    0.39737534523010254,
    0.2579493522644043
  ],
  "equity": 100.0,
  "paper_trade": {
    "open": false
  },
  "trade_log": []
}