{
  "pred": 2,
  "conf": 0.45899248123168945,
  "notified_conf": 0.0,
  "ts": "2026-07-05 15:35",
  "btc_price": 62815.99,
  "live_price": 62804.0,
  "probs": [
    0.3464047610759735,
    0.19460274279117584,
    0.45899248123168945
  ],
  "equity": 100.0,
  "paper_trade": {
    "open": false
  },
  "trade_log": []
}