{
  "pred": 2,
  "conf": 0.47619763016700745,
  "notified_conf": 0.0,
  "ts": "2026-07-05 18:10",
  "btc_price": 62666.16,
  "live_price": 62664.95,
  "probs": [
    0.3130393326282501,
    0.21076296269893646,
    0.47619763016700745
  ],
  "equity": 100.0,
  "paper_trade": {
    "open": false
  },
  "trade_log": []
}