{
  "pred": 1,
  "conf": 0.3737674653530121,
  "notified_conf": 0.0,
  "ts": "2026-07-08 09:00",
  "btc_price": 62018.36,
  "live_price": 62061.98,
  "probs": [
    0.35519519448280334,
    0.3737674653530121,
    0.27103736996650696
  ],
  "equity": 100.0,
  "paper_trade": {
    "open": false
  },
  "trade_log": []
}