{
  "pred": 2,
  "conf": 0.45502224564552307,
  "notified_conf": 0.0,
  "ts": "2026-07-05 15:20",
  "btc_price": 62788.01,
  "live_price": 62736.84,
  "probs": [
    0.34444254636764526,
    0.20053525269031525,
    0.45502224564552307
  ],
  "equity": 100.0,
  "paper_trade": {
    "open": false
  },
  "trade_log": []
}