{
  "pred": 1,
  "conf": 0.3737504780292511,
  "notified_conf": 0.0,
  "ts": "2026-07-07 17:25",
  "btc_price": 64058.22,
  "live_price": 64153.49,
  "probs": [
    0.36381804943084717,
    0.3737504780292511,
    0.2624315321445465
  ],
  "equity": 100.0,
  "paper_trade": {
    "open": false
  },
  "trade_log": []
}