{
  "pred": 1,
  "conf": 0.36972758173942566,
  "notified_conf": 0.0,
  "ts": "2026-07-08 09:20",
  "btc_price": 61786.3,
  "live_price": 61820.45,
  "probs": [
    0.3622187674045563,
    0.36972758173942566,
    0.2680536210536957
  ],
  "equity": 100.0,
  "paper_trade": {
    "open": false
  },
  "trade_log": []
}