{
  "pred": 2,
  "conf": 0.5000246167182922,
  "notified_conf": 0.0,
  "ts": "2026-07-06 01:25",
  "btc_price": 63714.2,
  "live_price": 63641.99,
  "probs": [
    0.3456534147262573,
    0.15432202816009521,
    0.5000246167182922
  ],
  "equity": 100.0,
  "paper_trade": {
    "open": false
  },
  "trade_log": []
}