{
  "pred": 2,
  "conf": 0.455281138420105,
  "notified_conf": 0.0,
  "ts": "2026-07-05 16:10",
  "btc_price": 62700.01,
  "live_price": 62718.0,
  "probs": [
    0.3275814950466156,
    0.2171373814344406,
    0.455281138420105
  ],
  "equity": 100.0,
  "paper_trade": {
    "open": false
  },
  "trade_log": []
}