{
  "pred": 1,
  "conf": 0.37164151668548584,
  "notified_conf": 0.0,
  "ts": "2026-07-07 13:30",
  "btc_price": 63111.97,
  "live_price": 63174.01,
  "probs": [
    0.3426511585712433,
    0.37164151668548584,
    0.28570735454559326
  ],
  "equity": 100.0,
  "paper_trade": {
    "open": false
  },
  "trade_log": []
}