{
  "pred": 2,
  "conf": 0.4292698800563812,
  "notified_conf": 0.0,
  "ts": "2026-07-05 15:05",
  "btc_price": 62914.08,
  "live_price": 62932.01,
  "probs": [
    0.3452069163322449,
    0.22552329301834106,
    0.4292698800563812
  ],
  "equity": 100.0,
  "paper_trade": {
    "open": false
  },
  "trade_log": []
}