{
  "pred": 1,
  "conf": 0.3639320135116577,
  "notified_conf": 0.0,
  "ts": "2026-07-07 19:40",
  "btc_price": 63774.11,
  "live_price": 63809.99,
  "probs": [
    0.33944448828697205,
    0.3639320135116577,
    0.296623557806015
  ],
  "equity": 100.0,
  "paper_trade": {
    "open": false
  },
  "trade_log": []
}