{
  "pred": 2,
  "conf": 0.4731345772743225,
  "notified_conf": 0.0,
  "ts": "2026-07-06 00:10",
  "btc_price": 63572.22,
  "live_price": 63542.01,
  "probs": [
    0.35471946001052856,
    0.1721460074186325,
    0.4731345772743225
  ],
  "equity": 100.0,
  "paper_trade": {
    "open": false
  },
  "trade_log": []
}