{
  "pred": 1,
  "conf": 0.3943960964679718,
  "notified_conf": 0.0,
  "ts": "2026-07-07 15:10",
  "btc_price": 63523.3,
  "live_price": 63534.0,
  "probs": [
    0.34541773796081543,
    0.3943960964679718,
    0.26018616557121277
  ],
  "equity": 100.0,
  "paper_trade": {
    "open": false
  },
  "trade_log": []
}