{
  "pred": 1,
  "conf": 0.4018101394176483,
  "notified_conf": 0.0,
  "ts": "2026-07-08 07:20",
  "btc_price": 62693.07,
  "live_price": 62695.99,
  "probs": [
    0.2868666648864746,
    0.4018101394176483,
    0.31132322549819946
  ],
  "equity": 100.0,
  "paper_trade": {
    "open": false
  },
  "trade_log": []
}