{
  "pred": 0,
  "conf": 0.37769877910614014,
  "notified_conf": 0.0,
  "ts": "2026-07-07 12:20",
  "btc_price": 63700.22,
  "live_price": 63744.01,
  "probs": [
    0.37769877910614014,
    0.358937531709671,
    0.2633637487888336
  ],
  "equity": 100.0,
  "paper_trade": {
    "open": false
  },
  "trade_log": []
}