{
  "pred": 1,
  "conf": 0.3590255677700043,
  "notified_conf": 0.0,
  "ts": "2026-07-07 21:35",
  "btc_price": 63482.01,
  "live_price": 63366.0,
  "probs": [
    0.33169928193092346,
    0.3590255677700043,
    0.30927520990371704
  ],
  "equity": 100.0,
  "paper_trade": {
    "open": false
  },
  "trade_log": []
}