{
  "pred": 0,
  "conf": 0.364656925201416,
  "notified_conf": 0.0,
  "ts": "2026-07-06 18:45",
  "btc_price": 63801.35,
  "live_price": 63772.0,
  "probs": [
    0.364656925201416,
    0.3646288216114044,
    0.27071425318717957
  ],
  "equity": 100.0,
  "paper_trade": {
    "open": false
  },
  "trade_log": []
}