{
  "pred": 0,
  "conf": 0.3894178867340088,
  "notified_conf": 0.0,
  "ts": "2026-07-06 16:55",
  "btc_price": 63724.0,
  "live_price": 63693.16,
  "probs": [
    0.3894178867340088,
    0.3570268452167511,
    0.2535552680492401
  ],
  "equity": 100.0,
  "paper_trade": {
    "open": false
  },
  "trade_log": []
}