{
  "pred": 1,
  "conf": 0.3567061126232147,
  "notified_conf": 0.0,
  "ts": "2026-07-08 01:55",
  "btc_price": 63114.01,
  "live_price": 63066.56,
  "probs": [
    0.35392048954963684,
    0.3567061126232147,
    0.2893733084201813
  ],
  "equity": 100.0,
  "paper_trade": {
    "open": false
  },
  "trade_log": []
}