{
  "pred": 1,
  "conf": 0.3657432198524475,
  "notified_conf": 0.0,
  "ts": "2026-07-08 05:15",
  "btc_price": 62801.71,
  "live_price": 62843.84,
  "probs": [
    0.28742608428001404,
    0.3657432198524475,
    0.3468307554721832
  ],
  "equity": 100.0,
  "paper_trade": {
    "open": false
  },
  "trade_log": []
}