{
  "pred": 1,
  "conf": 0.39244839549064636,
  "notified_conf": 0.0,
  "ts": "2026-07-08 02:45",
  "btc_price": 62972.0,
  "live_price": 63013.51,
  "probs": [
    0.3007429540157318,
    0.39244839549064636,
    0.3068087100982666
  ],
  "equity": 100.0,
  "paper_trade": {
    "open": false
  },
  "trade_log": []
}