{
  "pred": 1,
  "conf": 0.35926124453544617,
  "notified_conf": 0.0,
  "ts": "2026-07-07 05:20",
  "btc_price": 62884.01,
  "live_price": 62964.0,
  "probs": [
    0.31946608424186707,
    0.35926124453544617,
    0.3212726414203644
  ],
  "equity": 100.0,
  "paper_trade": {
    "open": false
  },
  "trade_log": []
}