{
  "pred": 2,
  "conf": 0.547549843788147,
  "notified_conf": 0.0,
  "ts": "2026-07-05 18:35",
  "btc_price": 62718.83,
  "live_price": 62723.43,
  "probs": [
    0.2905718684196472,
    0.16187822818756104,
    0.547549843788147
  ],
  "equity": 100.0,
  "paper_trade": {
    "open": false
  },
  "trade_log": []
}