{
  "pred": 2,
  "conf": 0.6002106070518494,
  "notified_conf": 0.0,
  "ts": "2026-07-05 20:05",
  "btc_price": 62766.89,
  "live_price": 62801.1,
  "probs": [
    0.2518841326236725,
    0.14790531992912292,
    0.6002106070518494
  ],
  "equity": 100.0,
  "paper_trade": {
    "open": false
  },
  "trade_log": []
}