{
  "pred": 2,
  "conf": 0.34781351685523987,
  "notified_conf": 0.0,
  "ts": "2026-07-07 21:15",
  "btc_price": 63786.01,
  "live_price": 63630.0,
  "probs": [
    0.3112887442111969,
    0.3408977687358856,
    0.34781351685523987
  ],
  "equity": 100.0,
  "paper_trade": {
    "open": false
  },
  "trade_log": []
}