{
  "pred": 1,
  "conf": 0.3915768265724182,
  "notified_conf": 0.0,
  "ts": "2026-07-07 12:45",
  "btc_price": 63612.01,
  "live_price": 63500.01,
  "probs": [
    0.35076072812080383,
    0.3915768265724182,
    0.2576623857021332
  ],
  "equity": 100.0,
  "paper_trade": {
    "open": false
  },
  "trade_log": []
}