{
  "pred": 0,
  "conf": 0.3584471344947815,
  "notified_conf": 0.0,
  "ts": "2026-07-06 20:40",
  "btc_price": 63862.0,
  "live_price": 63832.0,
  "probs": [
    0.3584471344947815,
    0.3344942033290863,
    0.3070586323738098
  ],
  "equity": 100.0,
  "paper_trade": {
    "open": false
  },
  "trade_log": []
}