{
  "pred": 0,
  "conf": 0.37254732847213745,
  "notified_conf": 0.0,
  "ts": "2026-07-07 12:15",
  "btc_price": 63814.0,
  "live_price": 63683.74,
  "probs": [
    0.37254732847213745,
    0.3698999583721161,
    0.25755271315574646
  ],
  "equity": 100.0,
  "paper_trade": {
    "open": false
  },
  "trade_log": []
}