{
  "pred": 1,
  "conf": 0.3473495841026306,
  "notified_conf": 0.0,
  "ts": "2026-07-07 21:10",
  "btc_price": 63768.02,
  "live_price": 63778.23,
  "probs": [
    0.32662469148635864,
    0.3473495841026306,
    0.32602569460868835
  ],
  "equity": 100.0,
  "paper_trade": {
    "open": false
  },
  "trade_log": []
}