{
  "pred": 0,
  "conf": 0.3647770285606384,
  "notified_conf": 0.0,
  "ts": "2026-07-06 18:30",
  "btc_price": 63755.98,
  "live_price": 63726.83,
  "probs": [
    0.3647770285606384,
    0.36107560992240906,
    0.2741474211215973
  ],
  "equity": 100.0,
  "paper_trade": {
    "open": false
  },
  "trade_log": []
}