{
  "pred": 0,
  "conf": 0.36951109766960144,
  "notified_conf": 0.0,
  "ts": "2026-07-06 20:00",
  "btc_price": 63738.52,
  "live_price": 63614.01,
  "probs": [
    0.36951109766960144,
    0.3293638825416565,
    0.3011249601840973
  ],
  "equity": 100.0,
  "paper_trade": {
    "open": false
  },
  "trade_log": []
}