{
  "pred": 1,
  "conf": 0.3561877906322479,
  "notified_conf": 0.0,
  "ts": "2026-07-07 22:55",
  "btc_price": 63532.86,
  "live_price": 63558.81,
  "probs": [
    0.2956896424293518,
    0.3561877906322479,
    0.34812256693840027
  ],
  "equity": 100.0,
  "paper_trade": {
    "open": false
  },
  "trade_log": []
}