{
  "pred": 1,
  "conf": 0.38106077909469604,
  "notified_conf": 0.0,
  "ts": "2026-07-06 13:25",
  "btc_price": 61579.1,
  "live_price": 61494.06,
  "probs": [
    0.3165558874607086,
    0.38106077909469604,
    0.30238333344459534
  ],
  "equity": 100.0,
  "paper_trade": {
    "open": false
  },
  "trade_log": []
}