{
  "pred": 0,
  "conf": 0.4104468524456024,
  "notified_conf": 0.0,
  "ts": "2026-07-06 22:45",
  "btc_price": 64205.96,
  "live_price": 64182.01,
  "probs": [
    0.4104468524456024,
    0.32617902755737305,
    0.26337411999702454
  ],
  "equity": 100.0,
  "paper_trade": {
    "open": false
  },
  "trade_log": []
}