{
  "pred": 0,
  "conf": 0.38857200741767883,
  "notified_conf": 0.0,
  "ts": "2026-07-07 18:15",
  "btc_price": 64021.85,
  "live_price": 64006.92,
  "probs": [
    0.38857200741767883,
    0.33202067017555237,
    0.2794073522090912
  ],
  "equity": 100.0,
  "paper_trade": {
    "open": false
  },
  "trade_log": []
}