{
  "pred": 1,
  "conf": 0.3775128126144409,
  "notified_conf": 0.0,
  "ts": "2026-07-06 16:10",
  "btc_price": 63638.0,
  "live_price": 63818.0,
  "probs": [
    0.3702045679092407,
    0.3775128126144409,
    0.25228258967399597
  ],
  "equity": 100.0,
  "paper_trade": {
    "open": false
  },
  "trade_log": []
}