{
  "pred": 0,
  "conf": 0.3579224944114685,
  "notified_conf": 0.0,
  "ts": "2026-07-06 20:35",
  "btc_price": 63884.38,
  "live_price": 63852.0,
  "probs": [
    0.3579224944114685,
    0.3548496663570404,
    0.2872278690338135
  ],
  "equity": 100.0,
  "paper_trade": {
    "open": false
  },
  "trade_log": []
}