{
  "pred": 1,
  "conf": 0.37057021260261536,
  "notified_conf": 0.0,
  "ts": "2026-07-08 05:30",
  "btc_price": 62772.0,
  "live_price": 62766.0,
  "probs": [
    0.2920564115047455,
    0.37057021260261536,
    0.33737343549728394
  ],
  "equity": 100.0,
  "paper_trade": {
    "open": false
  },
  "trade_log": []
}