{
  "pred": 2,
  "conf": 0.3574903607368469,
  "notified_conf": 0.0,
  "ts": "2026-07-07 23:15",
  "btc_price": 63638.0,
  "live_price": 63695.06,
  "probs": [
    0.2912925183773041,
    0.3512170910835266,
    0.3574903607368469
  ],
  "equity": 100.0,
  "paper_trade": {
    "open": false
  },
  "trade_log": []
}