{
  "pred": 1,
  "conf": 0.3777875006198883,
  "notified_conf": 0.0,
  "ts": "2026-07-07 19:25",
  "btc_price": 63582.0,
  "live_price": 63567.99,
  "probs": [
    0.30550286173820496,
    0.3777875006198883,
    0.31670963764190674
  ],
  "equity": 100.0,
  "paper_trade": {
    "open": false
  },
  "trade_log": []
}