{
  "pred": 1,
  "conf": 0.4251972734928131,
  "notified_conf": 0.0,
  "ts": "2026-07-08 11:15",
  "btc_price": 62116.0,
  "live_price": 62165.84,
  "probs": [
    0.2875440716743469,
    0.4251972734928131,
    0.2872586250305176
  ],
  "equity": 100.0,
  "paper_trade": {
    "open": false
  },
  "trade_log": []
}