{
  "pred": 2,
  "conf": 0.5018185377120972,
  "notified_conf": 0.0,
  "ts": "2026-07-05 15:55",
  "btc_price": 62745.81,
  "live_price": 62745.81,
  "probs": [
    0.30295243859291077,
    0.19522902369499207,
    0.5018185377120972
  ],
  "equity": 100.0,
  "paper_trade": {
    "open": false
  },
  "trade_log": []
}