{
  "pred": 1,
  "conf": 0.3768410384654999,
  "notified_conf": 0.0,
  "ts": "2026-07-08 04:30",
  "btc_price": 62874.99,
  "live_price": 62892.0,
  "probs": [
    0.28335049748420715,
    0.3768410384654999,
    0.3398084342479706
  ],
  "equity": 100.0,
  "paper_trade": {
    "open": false
  },
  "trade_log": []
}