{
  "pred": 1,
  "conf": 0.3776839077472687,
  "notified_conf": 0.0,
  "ts": "2026-07-08 05:55",
  "btc_price": 62634.01,
  "live_price": 62651.21,
  "probs": [
    0.29307821393013,
    0.3776839077472687,
    0.3292378783226013
  ],
  "equity": 100.0,
  "paper_trade": {
    "open": false
  },
  "trade_log": []
}