{
  "pred": 2,
  "conf": 0.36763548851013184,
  "notified_conf": 0.0,
  "ts": "2026-07-06 11:45",
  "btc_price": 62968.01,
  "live_price": 63000.0,
  "probs": [
    0.34324881434440613,
    0.28911566734313965,
    0.36763548851013184
  ],
  "equity": 100.0,
  "paper_trade": {
    "open": false
  },
  "trade_log": []
}