{
  "pred": 1,
  "conf": 0.37976494431495667,
  "notified_conf": 0.0,
  "ts": "2026-07-06 15:20",
  "btc_price": 62455.96,
  "live_price": 62383.99,
  "probs": [
    0.3209136128425598,
    0.37976494431495667,
    0.2993215024471283
  ],
  "equity": 100.0,
  "paper_trade": {
    "open": false
  },
  "trade_log": []
}