{
  "pred": 0,
  "conf": 0.3744632303714752,
  "notified_conf": 0.0,
  "ts": "2026-07-07 17:05",
  "btc_price": 64058.82,
  "live_price": 64119.77,
  "probs": [
    0.3744632303714752,
    0.36394137144088745,
    0.26159539818763733
  ],
  "equity": 100.0,
  "paper_trade": {
    "open": false
  },
  "trade_log": []
}