{
  "pred": 2,
  "conf": 0.43397122621536255,
  "notified_conf": 0.0,
  "ts": "2026-07-06 08:20",
  "btc_price": 63062.0,
  "live_price": 63050.0,
  "probs": [
    0.3298402428627014,
    0.23618850111961365,
    0.43397122621536255
  ],
  "equity": 100.0,
  "paper_trade": {
    "open": false
  },
  "trade_log": []
}