{
  "pred": 1,
  "conf": 0.38659894466400146,
  "notified_conf": 0.0,
  "ts": "2026-07-07 06:55",
  "btc_price": 63374.76,
  "live_price": 63336.01,
  "probs": [
    0.3382856547832489,
    0.38659894466400146,
    0.27511531114578247
  ],
  "equity": 100.0,
  "paper_trade": {
    "open": false
  },
  "trade_log": []
}