{
  "pred": 0,
  "conf": 0.39032700657844543,
  "notified_conf": 0.0,
  "ts": "2026-07-07 16:20",
  "btc_price": 63858.0,
  "live_price": 63941.14,
  "probs": [
    0.39032700657844543,
    0.36047592759132385,
    0.2491970807313919
  ],
  "equity": 100.0,
  "paper_trade": {
    "open": false
  },
  "trade_log": []
}