{
  "pred": 1,
  "conf": 0.40392640233039856,
  "notified_conf": 0.0,
  "ts": "2026-07-07 13:20",
  "btc_price": 63306.48,
  "live_price": 63250.0,
  "probs": [
    0.3235812187194824,
    0.40392640233039856,
    0.272492378950119
  ],
  "equity": 100.0,
  "paper_trade": {
    "open": false
  },
  "trade_log": []
}