{
  "pred": 1,
  "conf": 0.38309428095817566,
  "notified_conf": 0.0,
  "ts": "2026-07-07 08:10",
  "btc_price": 63059.65,
  "live_price": 63136.01,
  "probs": [
    0.31676700711250305,
    0.38309428095817566,
    0.3001386523246765
  ],
  "equity": 100.0,
  "paper_trade": {
    "open": false
  },
  "trade_log": []
}