{
  "pred": 2,
  "conf": 0.4656861126422882,
  "notified_conf": 0.0,
  "ts": "2026-07-06 07:15",
  "btc_price": 62960.0,
  "live_price": 62958.01,
  "probs": [
    0.2928444445133209,
    0.2414693981409073,
    0.4656861126422882
  ],
  "equity": 100.0,
  "paper_trade": {
    "open": false
  },
  "trade_log": []
}