{
  "pred": 2,
  "conf": 0.3550570607185364,
  "notified_conf": 0.0,
  "ts": "2026-07-07 02:05",
  "btc_price": 63886.01,
  "live_price": 63794.01,
  "probs": [
    0.30718111991882324,
    0.33776184916496277,
    0.3550570607185364
  ],
  "equity": 100.0,
  "paper_trade": {
    "open": false
  },
  "trade_log": []
}