{
  "pred": 1,
  "conf": 0.40861445665359497,
  "notified_conf": 0.0,
  "ts": "2026-07-07 07:45",
  "btc_price": 63151.77,
  "live_price": 63152.48,
  "probs": [
    0.31113994121551514,
    0.40861445665359497,
    0.2802455425262451
  ],
  "equity": 100.0,
  "paper_trade": {
    "open": false
  },
  "trade_log": []
}