{
  "pred": 1,
  "conf": 0.379840612411499,
  "notified_conf": 0.0,
  "ts": "2026-07-07 13:25",
  "btc_price": 63156.0,
  "live_price": 63117.99,
  "probs": [
    0.35032445192337036,
    0.379840612411499,
    0.269834965467453
  ],
  "equity": 100.0,
  "paper_trade": {
    "open": false
  },
  "trade_log": []
}