{
  "pred": 0,
  "conf": 0.40724489092826843,
  "notified_conf": 0.0,
  "ts": "2026-07-05 23:05",
  "btc_price": 63830.53,
  "live_price": 63793.99,
  "probs": [
    0.40724489092826843,
    0.22343693673610687,
    0.3693181276321411
  ],
  "equity": 100.0,
  "paper_trade": {
    "open": false
  },
  "trade_log": []
}