{
  "pred": 1,
  "conf": 0.389065146446228,
  "notified_conf": 0.0,
  "ts": "2026-07-07 05:35",
  "btc_price": 63125.02,
  "live_price": 63166.01,
  "probs": [
    0.3267110586166382,
    0.389065146446228,
    0.2842237949371338
  ],
  "equity": 100.0,
  "paper_trade": {
    "open": false
  },
  "trade_log": []
}