{
  "pred": 1,
  "conf": 0.3504670560359955,
  "notified_conf": 0.0,
  "ts": "2026-07-07 04:55",
  "btc_price": 63090.0,
  "live_price": 63073.27,
  "probs": [
    0.32574254274368286,
    0.3504670560359955,
    0.3237903416156769
  ],
  "equity": 100.0,
  "paper_trade": {
    "open": false
  },
  "trade_log": []
}