{
  "pred": 1,
  "conf": 0.35394570231437683,
  "notified_conf": 0.0,
  "ts": "2026-07-07 03:10",
  "btc_price": 63390.01,
  "live_price": 63383.99,
  "probs": [
    0.325534462928772,
    0.35394570231437683,
    0.3205198347568512
  ],
  "equity": 100.0,
  "paper_trade": {
    "open": false
  },
  "trade_log": []
}