{
  "pred": 1,
  "conf": 0.4084346890449524,
  "notified_conf": 0.0,
  "ts": "2026-07-07 13:35",
  "btc_price": 63180.33,
  "live_price": 63023.99,
  "probs": [
    0.31643784046173096,
    0.4084346890449524,
    0.27512747049331665
  ],
  "equity": 100.0,
  "paper_trade": {
    "open": false
  },
  "trade_log": []
}