{
  "pred": 1,
  "conf": 0.3518076241016388,
  "notified_conf": 0.0,
  "ts": "2026-07-07 02:40",
  "btc_price": 63523.81,
  "live_price": 63599.99,
  "probs": [
    0.31577804684638977,
    0.3518076241016388,
    0.33241429924964905
  ],
  "equity": 100.0,
  "paper_trade": {
    "open": false
  },
  "trade_log": []
}