{
  "pred": 2,
  "conf": 0.3790886700153351,
  "notified_conf": 0.0,
  "ts": "2026-07-06 11:15",
  "btc_price": 62807.68,
  "live_price": 62817.99,
  "probs": [
    0.3304079473018646,
    0.29050344228744507,
    0.3790886700153351
  ],
  "equity": 100.0,
  "paper_trade": {
    "open": false
  },
  "trade_log": []
}