{
  "pred": 2,
  "conf": 0.5444621443748474,
  "notified_conf": 0.0,
  "ts": "2026-07-05 19:25",
  "btc_price": 62780.0,
  "live_price": 62738.0,
  "probs": [
    0.30787715315818787,
    0.1476607471704483,
    0.5444621443748474
  ],
  "equity": 100.0,
  "paper_trade": {
    "open": false
  },
  "trade_log": []
}