{
  "pred": 2,
  "conf": 0.42212653160095215,
  "notified_conf": 0.0,
  "ts": "2026-07-06 09:45",
  "btc_price": 62688.01,
  "live_price": 62665.3,
  "probs": [
    0.2803635001182556,
    0.2975099980831146,
    0.42212653160095215
  ],
  "equity": 100.0,
  "paper_trade": {
    "open": false
  },
  "trade_log": []
}