{
  "pred": 1,
  "conf": 0.37132593989372253,
  "notified_conf": 0.0,
  "ts": "2026-07-07 21:30",
  "btc_price": 63520.0,
  "live_price": 63512.0,
  "probs": [
    0.31942975521087646,
    0.37132593989372253,
    0.3092443346977234
  ],
  "equity": 100.0,
  "paper_trade": {
    "open": false
  },
  "trade_log": []
}