{
  "pred": 1,
  "conf": 0.3705040514469147,
  "notified_conf": 0.0,
  "ts": "2026-07-06 14:50",
  "btc_price": 61919.62,
  "live_price": 61971.99,
  "probs": [
    0.33296000957489014,
    0.3705040514469147,
    0.2965359687805176
  ],
  "equity": 100.0,
  "paper_trade": {
    "open": false
  },
  "trade_log": []
}