{
  "pred": 1,
  "conf": 0.3576315641403198,
  "notified_conf": 0.0,
  "ts": "2026-07-07 05:00",
  "btc_price": 63100.01,
  "live_price": 63078.0,
  "probs": [
    0.31062203645706177,
    0.3576315641403198,
    0.3317464292049408
  ],
  "equity": 100.0,
  "paper_trade": {
    "open": false
  },
  "trade_log": []
}