{
  "pred": 2,
  "conf": 0.4639228284358978,
  "notified_conf": 0.0,
  "ts": "2026-07-06 07:50",
  "btc_price": 63111.18,
  "live_price": 63074.91,
  "probs": [
    0.32313501834869385,
    0.21294213831424713,
    0.4639228284358978
  ],
  "equity": 100.0,
  "paper_trade": {
    "open": false
  },
  "trade_log": []
}