{
  "pred": 2,
  "conf": 0.586552083492279,
  "notified_conf": 0.0,
  "ts": "2026-07-05 18:15",
  "btc_price": 62659.86,
  "live_price": 62698.0,
  "probs": [
    0.2601163387298584,
    0.15333159267902374,
    0.586552083492279
  ],
  "equity": 100.0,
  "paper_trade": {
    "open": false
  },
  "trade_log": []
}