{
  "pred": 1,
  "conf": 0.3872241973876953,
  "notified_conf": 0.0,
  "ts": "2026-07-06 12:35",
  "btc_price": 62171.91,
  "live_price": 62028.16,
  "probs": [
    0.3333462178707123,
    0.3872241973876953,
    0.27942955493927
  ],
  "equity": 100.0,
  "paper_trade": {
    "open": false
  },
  "trade_log": []
}