{
  "pred": 2,
  "conf": 0.5450168251991272,
  "notified_conf": 0.0,
  "ts": "2026-07-05 22:10",
  "btc_price": 63049.38,
  "live_price": 63151.98,
  "probs": [
    0.3304809033870697,
    0.1245022788643837,
    0.5450168251991272
  ],
  "equity": 100.0,
  "paper_trade": {
    "open": false
  },
  "trade_log": []
}