{
  "pred": 1,
  "conf": 0.4033277928829193,
  "notified_conf": 0.0,
  "ts": "2026-07-08 09:35",
  "btc_price": 62180.0,
  "live_price": 62109.98,
  "probs": [
    0.3079952895641327,
    0.4033277928829193,
    0.2886769473552704
  ],
  "equity": 100.0,
  "paper_trade": {
    "open": false
  },
  "trade_log": []
}