{
  "pred": 1,
  "conf": 0.39070528745651245,
  "notified_conf": 0.0,
  "ts": "2026-07-07 11:25",
  "btc_price": 63200.01,
  "live_price": 63206.63,
  "probs": [
    0.31554701924324036,
    0.39070528745651245,
    0.2937476933002472
  ],
  "equity": 100.0,
  "paper_trade": {
    "open": false
  },
  "trade_log": []
}