{
  "pred": 1,
  "conf": 0.38403233885765076,
  "notified_conf": 0.0,
  "ts": "2026-07-07 06:40",
  "btc_price": 63263.99,
  "live_price": 63241.99,
  "probs": [
    0.3411101698875427,
    0.38403233885765076,
    0.2748574912548065
  ],
  "equity": 100.0,
  "paper_trade": {
    "open": false
  },
  "trade_log": []
}