{
  "pred": 0,
  "conf": 0.36934298276901245,
  "notified_conf": 0.0,
  "ts": "2026-07-06 21:25",
  "btc_price": 64267.4,
  "live_price": 64227.59,
  "probs": [
    0.36934298276901245,
    0.3668697774410248,
    0.26378726959228516
  ],
  "equity": 100.0,
  "paper_trade": {
    "open": false
  },
  "trade_log": []
}