{
  "pred": 1,
  "conf": 0.39271923899650574,
  "notified_conf": 0.0,
  "ts": "2026-07-08 06:45",
  "btc_price": 62543.1,
  "live_price": 62626.46,
  "probs": [
    0.2838076949119568,
    0.39271923899650574,
    0.3234730660915375
  ],
  "equity": 100.0,
  "paper_trade": {
    "open": false
  },
  "trade_log": []
}