{
  "pred": 1,
  "conf": 0.4004434049129486,
  "notified_conf": 0.0,
  "ts": "2026-07-07 15:20",
  "btc_price": 63602.38,
  "live_price": 63686.0,
  "probs": [
    0.34438180923461914,
    0.4004434049129486,
    0.2551747262477875
  ],
  "equity": 100.0,
  "paper_trade": {
    "open": false
  },
  "trade_log": []
}