{
  "pred": 0,
  "conf": 0.3937014937400818,
  "notified_conf": 0.0,
  "ts": "2026-07-07 16:45",
  "btc_price": 64053.89,
  "live_price": 64031.98,
  "probs": [
    0.3937014937400818,
    0.35216519236564636,
    0.25413328409194946
  ],
  "equity": 100.0,
  "paper_trade": {
    "open": false
  },
  "trade_log": []
}