{
  "pred": 2,
  "conf": 0.40489163994789124,
  "notified_conf": 0.0,
  "ts": "2026-07-06 10:00",
  "btc_price": 62664.77,
  "live_price": 62784.25,
  "probs": [
    0.29099926352500916,
    0.3041090667247772,
    0.40489163994789124
  ],
  "equity": 100.0,
  "paper_trade": {
    "open": false
  },
  "trade_log": []
}