{
  "pred": 0,
  "conf": 0.37676647305488586,
  "notified_conf": 0.0,
  "ts": "2026-07-06 19:55",
  "btc_price": 63825.99,
  "live_price": 63770.01,
  "probs": [
    0.37676647305488586,
    0.30942362546920776,
    0.31380996108055115
  ],
  "equity": 100.0,
  "paper_trade": {
    "open": false
  },
  "trade_log": []
}