{
  "pred": 1,
  "conf": 0.35959649085998535,
  "notified_conf": 0.0,
  "ts": "2026-07-07 07:30",
  "btc_price": 63248.02,
  "live_price": 63270.0,
  "probs": [
    0.35799798369407654,
    0.35959649085998535,
    0.2824055254459381
  ],
  "equity": 100.0,
  "paper_trade": {
    "open": false
  },
  "trade_log": []
}