{
  "pred": 2,
  "conf": 0.35563987493515015,
  "notified_conf": 0.0,
  "ts": "2026-07-08 01:05",
  "btc_price": 63526.69,
  "live_price": 63526.69,
  "probs": [
    0.3108644187450409,
    0.3334956765174866,
    0.35563987493515015
  ],
  "equity": 100.0,
  "paper_trade": {
    "open": false
  },
  "trade_log": []
}