{
  "pred": 2,
  "conf": 0.41585734486579895,
  "notified_conf": 0.0,
  "ts": "2026-07-05 22:40",
  "btc_price": 63646.01,
  "live_price": 63558.22,
  "probs": [
    0.40298399329185486,
    0.18115860223770142,
    0.41585734486579895
  ],
  "equity": 100.0,
  "paper_trade": {
    "open": false
  },
  "trade_log": []
}