{
  "pred": 0,
  "conf": 0.3659101724624634,
  "notified_conf": 0.0,
  "ts": "2026-07-06 19:45",
  "btc_price": 63842.0,
  "live_price": 63811.02,
  "probs": [
    0.3659101724624634,
    0.34282439947128296,
    0.2912653386592865
  ],
  "equity": 100.0,
  "paper_trade": {
    "open": false
  },
  "trade_log": []
}