{
  "pred": 2,
  "conf": 0.44196727871894836,
  "notified_conf": 0.0,
  "ts": "2026-07-06 02:10",
  "btc_price": 63478.28,
  "live_price": 63460.44,
  "probs": [
    0.32776105403900146,
    0.23027168214321136,
    0.44196727871894836
  ],
  "equity": 100.0,
  "paper_trade": {
    "open": false
  },
  "trade_log": []
}