{
  "pred": 2,
  "conf": 0.4602687656879425,
  "notified_conf": 0.0,
  "ts": "2026-07-05 22:00",
  "btc_price": 63092.01,
  "live_price": 63060.11,
  "probs": [
    0.3338160812854767,
    0.205915167927742,
    0.4602687656879425
  ],
  "equity": 100.0,
  "paper_trade": {
    "open": false
  },
  "trade_log": []
}