{
  "pred": 1,
  "conf": 0.3678637742996216,
  "notified_conf": 0.0,
  "ts": "2026-07-07 11:30",
  "btc_price": 63178.77,
  "live_price": 63178.07,
  "probs": [
    0.33101704716682434,
    0.3678637742996216,
    0.3011191487312317
  ],
  "equity": 100.0,
  "paper_trade": {
    "open": false
  },
  "trade_log": []
}