{
  "pred": 1,
  "conf": 0.3738977313041687,
  "notified_conf": 0.0,
  "ts": "2026-07-08 04:05",
  "btc_price": 62823.99,
  "live_price": 62801.9,
  "probs": [
    0.3031657934188843,
    0.3738977313041687,
    0.3229365050792694
  ],
  "equity": 100.0,
  "paper_trade": {
    "open": false
  },
  "trade_log": []
}