{
  "pred": 1,
  "conf": 0.3947468101978302,
  "notified_conf": 0.0,
  "ts": "2026-07-08 06:00",
  "btc_price": 62637.88,
  "live_price": 62589.99,
  "probs": [
    0.2758255898952484,
    0.3947468101978302,
    0.32942765951156616
  ],
  "equity": 100.0,
  "paper_trade": {
    "open": false
  },
  "trade_log": []
}