{
  "pred": 2,
  "conf": 0.5486547946929932,
  "notified_conf": 0.0,
  "ts": "2026-07-05 21:40",
  "btc_price": 62929.6,
  "live_price": 63024.0,
  "probs": [
    0.305784672498703,
    0.14556057751178741,
    0.5486547946929932
  ],
  "equity": 100.0,
  "paper_trade": {
    "open": false
  },
  "trade_log": []
}