{
  "pred": 1,
  "conf": 0.3956010639667511,
  "notified_conf": 0.0,
  "ts": "2026-07-07 15:25",
  "btc_price": 63745.99,
  "live_price": 63723.89,
  "probs": [
    0.35855066776275635,
    0.3956010639667511,
    0.24584828317165375
  ],
  "equity": 100.0,
  "paper_trade": {
    "open": false
  },
  "trade_log": []
}