{
  "pred": 1,
  "conf": 0.3724006414413452,
  "notified_conf": 0.0,
  "ts": "2026-07-08 07:40",
  "btc_price": 62769.2,
  "live_price": 62786.0,
  "probs": [
    0.3163641691207886,
    0.3724006414413452,
    0.3112352192401886
  ],
  "equity": 100.0,
  "paper_trade": {
    "open": false
  },
  "trade_log": []
}