{
  "pred": 1,
  "conf": 0.3692726790904999,
  "notified_conf": 0.0,
  "ts": "2026-07-07 06:00",
  "btc_price": 63128.01,
  "live_price": 63129.74,
  "probs": [
    0.3429689407348633,
    0.3692726790904999,
    0.2877582907676697
  ],
  "equity": 100.0,
  "paper_trade": {
    "open": false
  },
  "trade_log": []
}