{
  "pred": 2,
  "conf": 0.3570178747177124,
  "notified_conf": 0.0,
  "ts": "2026-07-07 23:30",
  "btc_price": 63650.01,
  "live_price": 63658.82,
  "probs": [
    0.29789072275161743,
    0.3450913727283478,
    0.3570178747177124
  ],
  "equity": 100.0,
  "paper_trade": {
    "open": false
  },
  "trade_log": []
}