{
  "pred": 2,
  "conf": 0.6293067932128906,
  "notified_conf": 0.0,
  "ts": "2026-07-05 20:40",
  "btc_price": 62740.0,
  "live_price": 62740.0,
  "probs": [
    0.24161185324192047,
    0.12908132374286652,
    0.6293067932128906
  ],
  "equity": 100.0,
  "paper_trade": {
    "open": false
  },
  "trade_log": []
}