{
  "pred": 1,
  "conf": 0.36437878012657166,
  "notified_conf": 0.0,
  "ts": "2026-07-07 22:15",
  "btc_price": 63453.99,
  "live_price": 63465.98,
  "probs": [
    0.30109405517578125,
    0.36437878012657166,
    0.3345271646976471
  ],
  "equity": 100.0,
  "paper_trade": {
    "open": false
  },
  "trade_log": []
}