{
  "pred": 1,
  "conf": 0.34180396795272827,
  "notified_conf": 0.0,
  "ts": "2026-07-07 00:25",
  "btc_price": 64236.01,
  "live_price": 64255.54,
  "probs": [
    0.336262971162796,
    0.34180396795272827,
    0.3219330906867981
  ],
  "equity": 100.0,
  "paper_trade": {
    "open": false
  },
  "trade_log": []
}