{
  "pred": 2,
  "conf": 0.3679794669151306,
  "notified_conf": 0.0,
  "ts": "2026-07-07 23:35",
  "btc_price": 63581.11,
  "live_price": 63567.52,
  "probs": [
    0.2961532771587372,
    0.3358672261238098,
    0.3679794669151306
  ],
  "equity": 100.0,
  "paper_trade": {
    "open": false
  },
  "trade_log": []
}