{
  "pred": 1,
  "conf": 0.34252724051475525,
  "notified_conf": 0.0,
  "ts": "2026-07-07 00:50",
  "btc_price": 64159.79,
  "live_price": 64209.99,
  "probs": [
    0.3401908576488495,
    0.34252724051475525,
    0.3172818422317505
  ],
  "equity": 100.0,
  "paper_trade": {
    "open": false
  },
  "trade_log": []
}