{
  "pred": 1,
  "conf": 0.34686383605003357,
  "notified_conf": 0.0,
  "ts": "2026-07-07 04:00",
  "btc_price": 63191.01,
  "live_price": 63146.81,
  "probs": [
    0.31298741698265076,
    0.34686383605003357,
    0.3401486873626709
  ],
  "equity": 100.0,
  "paper_trade": {
    "open": false
  },
  "trade_log": []
}