{
  "pred": 2,
  "conf": 0.5387880802154541,
  "notified_conf": 0.0,
  "ts": "2026-07-05 21:55",
  "btc_price": 63054.66,
  "live_price": 63129.99,
  "probs": [
    0.2876969575881958,
    0.17351502180099487,
    0.5387880802154541
  ],
  "equity": 100.0,
  "paper_trade": {
    "open": false
  },
  "trade_log": []
}