{
  "pred": 0,
  "conf": 0.38078850507736206,
  "notified_conf": 0.0,
  "ts": "2026-07-06 21:30",
  "btc_price": 64224.48,
  "live_price": 64235.45,
  "probs": [
    0.38078850507736206,
    0.3672976493835449,
    0.2519138753414154
  ],
  "equity": 100.0,
  "paper_trade": {
    "open": false
  },
  "trade_log": []
}