{
  "pred": 2,
  "conf": 0.4698844850063324,
  "notified_conf": 0.0,
  "ts": "2026-07-06 05:55",
  "btc_price": 63158.0,
  "live_price": 63157.99,
  "probs": [
    0.29936307668685913,
    0.23075240850448608,
    0.4698844850063324
  ],
  "equity": 100.0,
  "paper_trade": {
    "open": false
  },
  "trade_log": []
}