{
  "pred": 1,
  "conf": 0.39045125246047974,
  "notified_conf": 0.0,
  "ts": "2026-07-07 07:05",
  "btc_price": 63374.01,
  "live_price": 63333.0,
  "probs": [
    0.34586337208747864,
    0.39045125246047974,
    0.26368534564971924
  ],
  "equity": 100.0,
  "paper_trade": {
    "open": false
  },
  "trade_log": []
}