{
  "pred": 1,
  "conf": 0.37951359152793884,
  "notified_conf": 0.0,
  "ts": "2026-07-06 16:15",
  "btc_price": 63749.23,
  "live_price": 63731.96,
  "probs": [
    0.37534183263778687,
    0.37951359152793884,
    0.24514459073543549
  ],
  "equity": 100.0,
  "paper_trade": {
    "open": false
  },
  "trade_log": []
}