{
  "pred": 2,
  "conf": 0.4461018145084381,
  "notified_conf": 0.0,
  "ts": "2026-07-05 15:40",
  "btc_price": 62810.0,
  "live_price": 62714.0,
  "probs": [
    0.34231072664260864,
    0.21158747375011444,
    0.4461018145084381
  ],
  "equity": 100.0,
  "paper_trade": {
    "open": false
  },
  "trade_log": []
}