{
  "pred": 0,
  "conf": 0.40394067764282227,
  "notified_conf": 0.0,
  "ts": "2026-07-06 17:35",
  "btc_price": 63800.0,
  "live_price": 63767.99,
  "probs": [
    0.40394067764282227,
    0.33794108033180237,
    0.258118212223053
  ],
  "equity": 100.0,
  "paper_trade": {
    "open": false
  },
  "trade_log": []
}