{
  "pred": 0,
  "conf": 0.3834025263786316,
  "notified_conf": 0.0,
  "ts": "2026-07-06 22:20",
  "btc_price": 64367.99,
  "live_price": 64286.01,
  "probs": [
    0.3834025263786316,
    0.3521105647087097,
    0.2644868493080139
  ],
  "equity": 100.0,
  "paper_trade": {
    "open": false
  },
  "trade_log": []
}