{
  "pred": 1,
  "conf": 0.388004332780838,
  "notified_conf": 0.0,
  "ts": "2026-07-07 11:15",
  "btc_price": 63156.71,
  "live_price": 63188.0,
  "probs": [
    0.32899418473243713,
    0.388004332780838,
    0.28300145268440247
  ],
  "equity": 100.0,
  "paper_trade": {
    "open": false
  },
  "trade_log": []
}