{
  "pred": 0,
  "conf": 0.3772342801094055,
  "notified_conf": 0.0,
  "ts": "2026-07-06 21:35",
  "btc_price": 64290.0,
  "live_price": 64192.0,
  "probs": [
    0.3772342801094055,
    0.3627360463142395,
    0.2600296139717102
  ],
  "equity": 100.0,
  "paper_trade": {
    "open": false
  },
  "trade_log": []
}