{
  "pred": 2,
  "conf": 0.3413357436656952,
  "notified_conf": 0.0,
  "ts": "2026-07-08 00:45",
  "btc_price": 63711.99,
  "live_price": 63636.0,
  "probs": [
    0.32551583647727966,
    0.33314839005470276,
    0.3413357436656952
  ],
  "equity": 100.0,
  "paper_trade": {
    "open": false
  },
  "trade_log": []
}