{
  "pred": 0,
  "conf": 0.38231682777404785,
  "notified_conf": 0.0,
  "ts": "2026-07-06 22:10",
  "btc_price": 64338.01,
  "live_price": 64353.58,
  "probs": [
    0.38231682777404785,
    0.32742446660995483,
    0.2902586758136749
  ],
  "equity": 100.0,
  "paper_trade": {
    "open": false
  },
  "trade_log": []
}