{
  "pred": 1,
  "conf": 0.36907705664634705,
  "notified_conf": 0.0,
  "ts": "2026-07-08 05:45",
  "btc_price": 62619.78,
  "live_price": 62634.0,
  "probs": [
    0.3126731514930725,
    0.36907705664634705,
    0.31824976205825806
  ],
  "equity": 100.0,
  "paper_trade": {
    "open": false
  },
  "trade_log": []
}