{
  "pred": 2,
  "conf": 0.4908992350101471,
  "notified_conf": 0.0,
  "ts": "2026-07-06 06:50",
  "btc_price": 63025.3,
  "live_price": 62985.38,
  "probs": [
    0.28009819984436035,
    0.22900262475013733,
    0.4908992350101471
  ],
  "equity": 100.0,
  "paper_trade": {
    "open": false
  },
  "trade_log": []
}