{
  "pred": 0,
  "conf": 0.35014551877975464,
  "notified_conf": 0.0,
  "ts": "2026-07-06 20:20",
  "btc_price": 63622.01,
  "live_price": 63670.4,
  "probs": [
    0.35014551877975464,
    0.3360680639743805,
    0.3137863576412201
  ],
  "equity": 100.0,
  "paper_trade": {
    "open": false
  },
  "trade_log": []
}