{
  "pred": 2,
  "conf": 0.46413925290107727,
  "notified_conf": 0.0,
  "ts": "2026-07-05 15:25",
  "btc_price": 62754.0,
  "live_price": 62788.56,
  "probs": [
    0.3353414237499237,
    0.20051930844783783,
    0.46413925290107727
  ],
  "equity": 100.0,
  "paper_trade": {
    "open": false
  },
  "trade_log": []
}