{
  "pred": 1,
  "conf": 0.37554359436035156,
  "notified_conf": 0.0,
  "ts": "2026-07-07 06:15",
  "btc_price": 63039.99,
  "live_price": 63102.98,
  "probs": [
    0.32634565234184265,
    0.37554359436035156,
    0.2981107831001282
  ],
  "equity": 100.0,
  "paper_trade": {
    "open": false
  },
  "trade_log": []
}