{
  "pred": 0,
  "conf": 0.36364299058914185,
  "notified_conf": 0.0,
  "ts": "2026-07-06 19:00",
  "btc_price": 63696.4,
  "live_price": 63668.0,
  "probs": [
    0.36364299058914185,
    0.33613595366477966,
    0.3002210259437561
  ],
  "equity": 100.0,
  "paper_trade": {
    "open": false
  },
  "trade_log": []
}