{
  "pred": 1,
  "conf": 0.3754257559776306,
  "notified_conf": 0.0,
  "ts": "2026-07-07 12:25",
  "btc_price": 63754.0,
  "live_price": 63712.0,
  "probs": [
    0.35869139432907104,
    0.3754257559776306,
    0.2658827602863312
  ],
  "equity": 100.0,
  "paper_trade": {
    "open": false
  },
  "trade_log": []
}