{
  "pred": 0,
  "conf": 0.4137360155582428,
  "notified_conf": 0.0,
  "ts": "2026-07-07 18:05",
  "btc_price": 64048.2,
  "live_price": 64024.98,
  "probs": [
    0.4137360155582428,
    0.33692702651023865,
    0.24933694303035736
  ],
  "equity": 100.0,
  "paper_trade": {
    "open": false
  },
  "trade_log": []
}