{
  "pred": 2,
  "conf": 0.40204304456710815,
  "notified_conf": 0.0,
  "ts": "2026-07-05 22:20",
  "btc_price": 63380.35,
  "live_price": 63542.01,
  "probs": [
    0.35354143381118774,
    0.2444155216217041,
    0.40204304456710815
  ],
  "equity": 100.0,
  "paper_trade": {
    "open": false
  },
  "trade_log": []
}