{
  "pred": 1,
  "conf": 0.34503692388534546,
  "notified_conf": 0.0,
  "ts": "2026-07-07 03:55",
  "btc_price": 63180.62,
  "live_price": 63166.88,
  "probs": [
    0.3261030316352844,
    0.34503692388534546,
    0.3288600742816925
  ],
  "equity": 100.0,
  "paper_trade": {
    "open": false
  },
  "trade_log": []
}