{
  "pred": 1,
  "conf": 0.3976591229438782,
  "notified_conf": 0.0,
  "ts": "2026-07-07 07:50",
  "btc_price": 63172.1,
  "live_price": 63164.34,
  "probs": [
    0.3229468762874603,
    0.3976591229438782,
    0.2793939709663391
  ],
  "equity": 100.0,
  "paper_trade": {
    "open": false
  },
  "trade_log": []
}