{
  "pred": 1,
  "conf": 0.34536314010620117,
  "notified_conf": 0.0,
  "ts": "2026-07-07 22:40",
  "btc_price": 63622.11,
  "live_price": 63596.01,
  "probs": [
    0.31108900904655457,
    0.34536314010620117,
    0.3435478210449219
  ],
  "equity": 100.0,
  "paper_trade": {
    "open": false
  },
  "trade_log": []
}