{
  "pred": 1,
  "conf": 0.34725868701934814,
  "notified_conf": 0.0,
  "ts": "2026-07-07 01:15",
  "btc_price": 63972.0,
  "live_price": 64011.85,
  "probs": [
    0.33613118529319763,
    0.34725868701934814,
    0.3166101276874542
  ],
  "equity": 100.0,
  "paper_trade": {
    "open": false
  },
  "trade_log": []
}