{
  "pred": 0,
  "conf": 0.3890916109085083,
  "notified_conf": 0.0,
  "ts": "2026-07-06 17:45",
  "btc_price": 63708.0,
  "live_price": 63664.46,
  "probs": [
    0.3890916109085083,
    0.34341830015182495,
    0.2674901485443115
  ],
  "equity": 100.0,
  "paper_trade": {
    "open": false
  },
  "trade_log": []
}