{
  "pred": 0,
  "conf": 0.3731983006000519,
  "notified_conf": 0.0,
  "ts": "2026-07-06 22:40",
  "btc_price": 64222.0,
  "live_price": 64226.0,
  "probs": [
    0.3731983006000519,
    0.3524618148803711,
    0.27433985471725464
  ],
  "equity": 100.0,
  "paper_trade": {
    "open": false
  },
  "trade_log": []
}