{
  "pred": 1,
  "conf": 0.3795819580554962,
  "notified_conf": 0.0,
  "ts": "2026-07-08 09:50",
  "btc_price": 62100.0,
  "live_price": 62064.83,
  "probs": [
    0.3210824131965637,
    0.3795819580554962,
    0.2993355989456177
  ],
  "equity": 100.0,
  "paper_trade": {
    "open": false
  },
  "trade_log": []
}