{
  "pred": 1,
  "conf": 0.41142672300338745,
  "notified_conf": 0.0,
  "ts": "2026-07-07 14:30",
  "btc_price": 63144.0,
  "live_price": 63194.01,
  "probs": [
    0.3120296895503998,
    0.41142672300338745,
    0.27654361724853516
  ],
  "equity": 100.0,
  "paper_trade": {
    "open": false
  },
  "trade_log": []
}