{
  "pred": 0,
  "conf": 0.3882860541343689,
  "notified_conf": 0.0,
  "ts": "2026-07-06 17:10",
  "btc_price": 63900.01,
  "live_price": 63861.99,
  "probs": [
    0.3882860541343689,
    0.357004314661026,
    0.2547096908092499
  ],
  "equity": 100.0,
  "paper_trade": {
    "open": false
  },
  "trade_log": []
}