{
  "pred": 0,
  "conf": 0.3590875267982483,
  "notified_conf": 0.0,
  "ts": "2026-07-07 01:05",
  "btc_price": 63932.0,
  "live_price": 63965.99,
  "probs": [
    0.3590875267982483,
    0.3506642282009125,
    0.2902482748031616
  ],
  "equity": 100.0,
  "paper_trade": {
    "open": false
  },
  "trade_log": []
}