{
  "pred": 0,
  "conf": 0.3991986811161041,
  "notified_conf": 0.0,
  "ts": "2026-07-06 16:30",
  "btc_price": 63464.36,
  "live_price": 63524.01,
  "probs": [
    0.3991986811161041,
    0.3674362897872925,
    0.233364999294281
  ],
  "equity": 100.0,
  "paper_trade": {
    "open": false
  },
  "trade_log": []
}