{
  "pred": 1,
  "conf": 0.3728425204753876,
  "notified_conf": 0.0,
  "ts": "2026-07-08 01:50",
  "btc_price": 63198.56,
  "live_price": 63206.0,
  "probs": [
    0.3264380395412445,
    0.3728425204753876,
    0.30071938037872314
  ],
  "equity": 100.0,
  "paper_trade": {
    "open": false
  },
  "trade_log": []
}