{
  "pred": 1,
  "conf": 0.35042604804039,
  "notified_conf": 0.0,
  "ts": "2026-07-07 19:45",
  "btc_price": 63798.01,
  "live_price": 63847.78,
  "probs": [
    0.3124552369117737,
    0.35042604804039,
    0.3371187150478363
  ],
  "equity": 100.0,
  "paper_trade": {
    "open": false
  },
  "trade_log": []
}