{
  "pred": 1,
  "conf": 0.3774819076061249,
  "notified_conf": 0.0,
  "ts": "2026-07-07 12:00",
  "btc_price": 63406.0,
  "live_price": 63427.99,
  "probs": [
    0.3236812353134155,
    0.3774819076061249,
    0.298836886882782
  ],
  "equity": 100.0,
  "paper_trade": {
    "open": false
  },
  "trade_log": []
}