{
  "pred": 1,
  "conf": 0.38292670249938965,
  "notified_conf": 0.0,
  "ts": "2026-07-07 09:45",
  "btc_price": 63294.23,
  "live_price": 63312.0,
  "probs": [
    0.34007617831230164,
    0.38292670249938965,
    0.2769971787929535
  ],
  "equity": 100.0,
  "paper_trade": {
    "open": false
  },
  "trade_log": []
}