{
  "pred": 0,
  "conf": 0.3741663992404938,
  "notified_conf": 0.0,
  "ts": "2026-07-06 19:35",
  "btc_price": 63797.03,
  "live_price": 63780.01,
  "probs": [
    0.3741663992404938,
    0.3234953284263611,
    0.30233824253082275
  ],
  "equity": 100.0,
  "paper_trade": {
    "open": false
  },
  "trade_log": []
}