{
  "pred": 0,
  "conf": 0.38070985674858093,
  "notified_conf": 0.0,
  "ts": "2026-07-07 18:20",
  "btc_price": 64069.99,
  "live_price": 64129.81,
  "probs": [
    0.38070985674858093,
    0.3230574429035187,
    0.2962327003479004
  ],
  "equity": 100.0,
  "paper_trade": {
    "open": false
  },
  "trade_log": []
}