{
  "pred": 1,
  "conf": 0.3669281005859375,
  "notified_conf": 0.0,
  "ts": "2026-07-08 03:25",
  "btc_price": 63010.05,
  "live_price": 63036.0,
  "probs": [
    0.3100036084651947,
    0.3669281005859375,
    0.3230683207511902
  ],
  "equity": 100.0,
  "paper_trade": {
    "open": false
  },
  "trade_log": []
}