{
  "pred": 0,
  "conf": 0.3533094823360443,
  "notified_conf": 0.0,
  "ts": "2026-07-08 02:20",
  "btc_price": 62870.0,
  "live_price": 62914.01,
  "probs": [
    0.3533094823360443,
    0.34956973791122437,
    0.29712074995040894
  ],
  "equity": 100.0,
  "paper_trade": {
    "open": false
  },
  "trade_log": []
}