{
  "pred": 0,
  "conf": 0.3710192143917084,
  "notified_conf": 0.0,
  "ts": "2026-07-07 18:40",
  "btc_price": 64051.41,
  "live_price": 64028.0,
  "probs": [
    0.3710192143917084,
    0.3453456163406372,
    0.28363513946533203
  ],
  "equity": 100.0,
  "paper_trade": {
    "open": false
  },
  "trade_log": []
}