{
  "pred": 1,
  "conf": 0.36922991275787354,
  "notified_conf": 0.0,
  "ts": "2026-07-08 04:35",
  "btc_price": 62786.01,
  "live_price": 62774.01,
  "probs": [
    0.32821404933929443,
    0.36922991275787354,
    0.30255603790283203
  ],
  "equity": 100.0,
  "paper_trade": {
    "open": false
  },
  "trade_log": []
}