{
  "pred": 1,
  "conf": 0.3776552081108093,
  "notified_conf": 0.0,
  "ts": "2026-07-06 12:25",
  "btc_price": 62024.01,
  "live_price": 62044.02,
  "probs": [
    0.3449500799179077,
    0.3776552081108093,
    0.27739477157592773
  ],
  "equity": 100.0,
  "paper_trade": {
    "open": false
  },
  "trade_log": []
}