{
  "pred": 2,
  "conf": 0.47792187333106995,
  "notified_conf": 0.0,
  "ts": "2026-07-06 07:35",
  "btc_price": 62980.0,
  "live_price": 62992.49,
  "probs": [
    0.2795545160770416,
    0.24252358078956604,
    0.47792187333106995
  ],
  "equity": 100.0,
  "paper_trade": {
    "open": false
  },
  "trade_log": []
}