{
  "pred": 0,
  "conf": 0.3956679403781891,
  "notified_conf": 0.0,
  "ts": "2026-07-06 17:30",
  "btc_price": 63889.86,
  "live_price": 63800.32,
  "probs": [
    0.3956679403781891,
    0.3424259424209595,
    0.26190605759620667
  ],
  "equity": 100.0,
  "paper_trade": {
    "open": false
  },
  "trade_log": []
}