{
  "pred": 2,
  "conf": 0.3936511278152466,
  "notified_conf": 0.0,
  "ts": "2026-07-06 10:15",
  "btc_price": 62840.01,
  "live_price": 62842.61,
  "probs": [
    0.3194456994533539,
    0.28690314292907715,
    0.3936511278152466
  ],
  "equity": 100.0,
  "paper_trade": {
    "open": false
  },
  "trade_log": []
}