{
  "pred": 2,
  "conf": 0.34180325269699097,
  "notified_conf": 0.0,
  "ts": "2026-07-07 00:40",
  "btc_price": 64052.32,
  "live_price": 64066.0,
  "probs": [
    0.3408716022968292,
    0.3173251152038574,
    0.34180325269699097
  ],
  "equity": 100.0,
  "paper_trade": {
    "open": false
  },
  "trade_log": []
}