{
  "pred": 2,
  "conf": 0.3448551893234253,
  "notified_conf": 0.0,
  "ts": "2026-07-08 01:20",
  "btc_price": 63534.19,
  "live_price": 63539.99,
  "probs": [
    0.311035692691803,
    0.34410911798477173,
    0.3448551893234253
  ],
  "equity": 100.0,
  "paper_trade": {
    "open": false
  },
  "trade_log": []
}