{
  "pred": 2,
  "conf": 0.5055738091468811,
  "notified_conf": 0.0,
  "ts": "2026-07-05 21:20",
  "btc_price": 62899.99,
  "live_price": 62926.02,
  "probs": [
    0.29196205735206604,
    0.20246408879756927,
    0.5055738091468811
  ],
  "equity": 100.0,
  "paper_trade": {
    "open": false
  },
  "trade_log": []
}