{
  "pred": 2,
  "conf": 0.534535825252533,
  "notified_conf": 0.0,
  "ts": "2026-07-05 16:40",
  "btc_price": 62625.38,
  "live_price": 62633.01,
  "probs": [
    0.2789726257324219,
    0.18649156391620636,
    0.534535825252533
  ],
  "equity": 100.0,
  "paper_trade": {
    "open": false
  },
  "trade_log": []
}