{
  "pred": 1,
  "conf": 0.3823910057544708,
  "notified_conf": 0.0,
  "ts": "2026-07-06 15:15",
  "btc_price": 62484.01,
  "live_price": 62484.01,
  "probs": [
    0.32122915983200073,
    0.3823910057544708,
    0.29637983441352844
  ],
  "equity": 100.0,
  "paper_trade": {
    "open": false
  },
  "trade_log": []
}