{
  "pred": 2,
  "conf": 0.5091442465782166,
  "notified_conf": 0.0,
  "ts": "2026-07-05 16:30",
  "btc_price": 62617.99,
  "live_price": 62625.6,
  "probs": [
    0.2797502279281616,
    0.21110551059246063,
    0.5091442465782166
  ],
  "equity": 100.0,
  "paper_trade": {
    "open": false
  },
  "trade_log": []
}