{
  "pred": 1,
  "conf": 0.35654523968696594,
  "notified_conf": 0.0,
  "ts": "2026-07-07 05:10",
  "btc_price": 63040.95,
  "live_price": 63024.0,
  "probs": [
    0.3133954703807831,
    0.35654523968696594,
    0.33005934953689575
  ],
  "equity": 100.0,
  "paper_trade": {
    "open": false
  },
  "trade_log": []
}