{
  "pred": 2,
  "conf": 0.4503333568572998,
  "notified_conf": 0.0,
  "ts": "2026-07-06 08:10",
  "btc_price": 63168.01,
  "live_price": 63011.77,
  "probs": [
    0.3399229049682617,
    0.2097436934709549,
    0.4503333568572998
  ],
  "equity": 100.0,
  "paper_trade": {
    "open": false
  },
  "trade_log": []
}