{
  "pred": 0,
  "conf": 0.3703441619873047,
  "notified_conf": 0.0,
  "ts": "2026-07-06 10:45",
  "btc_price": 62921.68,
  "live_price": 62914.07,
  "probs": [
    0.3703441619873047,
    0.2767425775527954,
    0.3529132604598999
  ],
  "equity": 100.0,
  "paper_trade": {
    "open": false
  },
  "trade_log": []
}