{
  "pred": 0,
  "conf": 0.3436339199542999,
  "notified_conf": 0.0,
  "ts": "2026-07-06 23:35",
  "btc_price": 64141.99,
  "live_price": 64106.01,
  "probs": [
    0.3436339199542999,
    0.32766997814178467,
    0.32869604229927063
  ],
  "equity": 100.0,
  "paper_trade": {
    "open": false
  },
  "trade_log": []
}