{
  "pred": 1,
  "conf": 0.3865621089935303,
  "notified_conf": 0.0,
  "ts": "2026-07-08 09:25",
  "btc_price": 61837.22,
  "live_price": 61912.98,
  "probs": [
    0.32361382246017456,
    0.3865621089935303,
    0.28982406854629517
  ],
  "equity": 100.0,
  "paper_trade": {
    "open": false
  },
  "trade_log": []
}