{
  "pred": 0,
  "conf": 0.38963577151298523,
  "notified_conf": 0.0,
  "ts": "2026-07-06 17:50",
  "btc_price": 63674.25,
  "live_price": 63740.01,
  "probs": [
    0.38963577151298523,
    0.34790685772895813,
    0.26245740056037903
  ],
  "equity": 100.0,
  "paper_trade": {
    "open": false
  },
  "trade_log": []
}