{
  "pred": 2,
  "conf": 0.48503968119621277,
  "notified_conf": 0.0,
  "ts": "2026-07-05 17:40",
  "btc_price": 62680.06,
  "live_price": 62683.97,
  "probs": [
    0.31248942017555237,
    0.2024708092212677,
    0.48503968119621277
  ],
  "equity": 100.0,
  "paper_trade": {
    "open": false
  },
  "trade_log": []
}