{
  "pred": 1,
  "conf": 0.34341269731521606,
  "notified_conf": 0.0,
  "ts": "2026-07-07 19:50",
  "btc_price": 63859.13,
  "live_price": 63835.29,
  "probs": [
    0.3356761634349823,
    0.34341269731521606,
    0.32091113924980164
  ],
  "equity": 100.0,
  "paper_trade": {
    "open": false
  },
  "trade_log": []
}