{
  "pred": 0,
  "conf": 0.3858746290206909,
  "notified_conf": 0.0,
  "ts": "2026-07-06 21:20",
  "btc_price": 64255.29,
  "live_price": 64233.75,
  "probs": [
    0.3858746290206909,
    0.35481372475624084,
    0.259311705827713
  ],
  "equity": 100.0,
  "paper_trade": {
    "open": false
  },
  "trade_log": []
}