{
  "pred": 1,
  "conf": 0.39151352643966675,
  "notified_conf": 0.0,
  "ts": "2026-07-07 06:35",
  "btc_price": 63244.17,
  "live_price": 63283.3,
  "probs": [
    0.3256809413433075,
    0.39151352643966675,
    0.28280553221702576
  ],
  "equity": 100.0,
  "paper_trade": {
    "open": false
  },
  "trade_log": []
}