{
  "pred": 2,
  "conf": 0.578354001045227,
  "notified_conf": 0.0,
  "ts": "2026-07-05 17:20",
  "btc_price": 62702.01,
  "live_price": 62789.47,
  "probs": [
    0.27395519614219666,
    0.14769084751605988,
    0.578354001045227
  ],
  "equity": 100.0,
  "paper_trade": {
    "open": false
  },
  "trade_log": []
}