{
  "pred": 1,
  "conf": 0.3573895990848541,
  "notified_conf": 0.0,
  "ts": "2026-07-07 20:55",
  "btc_price": 63649.99,
  "live_price": 63645.83,
  "probs": [
    0.3222915828227997,
    0.3573895990848541,
    0.3203187584877014
  ],
  "equity": 100.0,
  "paper_trade": {
    "open": false
  },
  "trade_log": []
}