{
  "pred": 2,
  "conf": 0.48106762766838074,
  "notified_conf": 0.0,
  "ts": "2026-07-06 01:05",
  "btc_price": 63722.0,
  "live_price": 63710.01,
  "probs": [
    0.3584516942501068,
    0.16048067808151245,
    0.48106762766838074
  ],
  "equity": 100.0,
  "paper_trade": {
    "open": false
  },
  "trade_log": []
}