{
  "pred": 2,
  "conf": 0.5056212544441223,
  "notified_conf": 0.0,
  "ts": "2026-07-06 07:40",
  "btc_price": 63009.57,
  "live_price": 63019.68,
  "probs": [
    0.2736329734325409,
    0.2207457274198532,
    0.5056212544441223
  ],
  "equity": 100.0,
  "paper_trade": {
    "open": false
  },
  "trade_log": []
}