{
  "pred": 1,
  "conf": 0.3821723461151123,
  "notified_conf": 0.0,
  "ts": "2026-07-07 10:45",
  "btc_price": 63280.0,
  "live_price": 63274.0,
  "probs": [
    0.35285457968711853,
    0.3821723461151123,
    0.26497316360473633
  ],
  "equity": 100.0,
  "paper_trade": {
    "open": false
  },
  "trade_log": []
}