{
  "pred": 2,
  "conf": 0.6117295026779175,
  "notified_conf": 0.0,
  "ts": "2026-07-05 19:35",
  "btc_price": 62806.38,
  "live_price": 62796.99,
  "probs": [
    0.2668619155883789,
    0.12140858173370361,
    0.6117295026779175
  ],
  "equity": 100.0,
  "paper_trade": {
    "open": false
  },
  "trade_log": []
}