{
  "pred": 1,
  "conf": 0.3740433156490326,
  "notified_conf": 0.0,
  "ts": "2026-07-08 05:20",
  "btc_price": 62822.0,
  "live_price": 62760.01,
  "probs": [
    0.2922966778278351,
    0.3740433156490326,
    0.3336600363254547
  ],
  "equity": 100.0,
  "paper_trade": {
    "open": false
  },
  "trade_log": []
}