{
  "pred": 1,
  "conf": 0.38441041111946106,
  "notified_conf": 0.0,
  "ts": "2026-07-07 13:15",
  "btc_price": 63337.45,
  "live_price": 63306.0,
  "probs": [
    0.35174769163131714,
    0.38441041111946106,
    0.2638418972492218
  ],
  "equity": 100.0,
  "paper_trade": {
    "open": false
  },
  "trade_log": []
}