{
  "pred": 2,
  "conf": 0.5106655359268188,
  "notified_conf": 0.0,
  "ts": "2026-07-05 18:20",
  "btc_price": 62691.22,
  "live_price": 62691.22,
  "probs": [
    0.3053566515445709,
    0.18397781252861023,
    0.5106655359268188
  ],
  "equity": 100.0,
  "paper_trade": {
    "open": false
  },
  "trade_log": []
}