{
  "pred": 2,
  "conf": 0.5104090571403503,
  "notified_conf": 0.0,
  "ts": "2026-07-05 17:30",
  "btc_price": 62686.01,
  "live_price": 62686.0,
  "probs": [
    0.303158700466156,
    0.18643222749233246,
    0.5104090571403503
  ],
  "equity": 100.0,
  "paper_trade": {
    "open": false
  },
  "trade_log": []
}