{
  "pred": 1,
  "conf": 0.34403279423713684,
  "notified_conf": 0.0,
  "ts": "2026-07-07 01:40",
  "btc_price": 63860.0,
  "live_price": 63836.0,
  "probs": [
    0.34080952405929565,
    0.34403279423713684,
    0.3151577115058899
  ],
  "equity": 100.0,
  "paper_trade": {
    "open": false
  },
  "trade_log": []
}