{
  "pred": 2,
  "conf": 0.5694143772125244,
  "notified_conf": 0.0,
  "ts": "2026-07-05 18:50",
  "btc_price": 62783.93,
  "live_price": 62838.06,
  "probs": [
    0.2982311248779297,
    0.1323544830083847,
    0.5694143772125244
  ],
  "equity": 100.0,
  "paper_trade": {
    "open": false
  },
  "trade_log": []
}