{
  "pred": 0,
  "conf": 0.35153254866600037,
  "notified_conf": 0.0,
  "ts": "2026-07-08 02:35",
  "btc_price": 62709.99,
  "live_price": 62688.89,
  "probs": [
    0.35153254866600037,
    0.3444242477416992,
    0.3040432035923004
  ],
  "equity": 100.0,
  "paper_trade": {
    "open": false
  },
  "trade_log": []
}