{
  "pred": 0,
  "conf": 0.35971546173095703,
  "notified_conf": 0.0,
  "ts": "2026-07-06 18:55",
  "btc_price": 63773.09,
  "live_price": 63694.7,
  "probs": [
    0.35971546173095703,
    0.3525364398956299,
    0.2877480983734131
  ],
  "equity": 100.0,
  "paper_trade": {
    "open": false
  },
  "trade_log": []
}