{
  "pred": 1,
  "conf": 0.3726077079772949,
  "notified_conf": 0.0,
  "ts": "2026-07-07 13:05",
  "btc_price": 63342.0,
  "live_price": 63316.0,
  "probs": [
    0.36953139305114746,
    0.3726077079772949,
    0.25786092877388
  ],
  "equity": 100.0,
  "paper_trade": {
    "open": false
  },
  "trade_log": []
}