{
  "pred": 1,
  "conf": 0.3665885627269745,
  "notified_conf": 0.0,
  "ts": "2026-07-07 10:35",
  "btc_price": 63263.91,
  "live_price": 63286.02,
  "probs": [
    0.356502503156662,
    0.3665885627269745,
    0.27690890431404114
  ],
  "equity": 100.0,
  "paper_trade": {
    "open": false
  },
  "trade_log": []
}