{
  "pred": 0,
  "conf": 0.4082503318786621,
  "notified_conf": 0.0,
  "ts": "2026-07-07 17:40",
  "btc_price": 64158.0,
  "live_price": 64151.65,
  "probs": [
    0.4082503318786621,
    0.3496374785900116,
    0.2421122044324875
  ],
  "equity": 100.0,
  "paper_trade": {
    "open": false
  },
  "trade_log": []
}