{
  "pred": 2,
  "conf": 0.3725440800189972,
  "notified_conf": 0.0,
  "ts": "2026-07-07 00:05",
  "btc_price": 64058.77,
  "live_price": 64078.45,
  "probs": [
    0.3258892297744751,
    0.3015666604042053,
    0.3725440800189972
  ],
  "equity": 100.0,
  "paper_trade": {
    "open": false
  },
  "trade_log": []
}