{
  "pred": 1,
  "conf": 0.3780193328857422,
  "notified_conf": 0.0,
  "ts": "2026-07-07 08:55",
  "btc_price": 63043.57,
  "live_price": 63046.0,
  "probs": [
    0.30660176277160645,
    0.3780193328857422,
    0.31537896394729614
  ],
  "equity": 100.0,
  "paper_trade": {
    "open": false
  },
  "trade_log": []
}