{
  "pred": 1,
  "conf": 0.34936201572418213,
  "notified_conf": 0.0,
  "ts": "2026-07-07 19:20",
  "btc_price": 63514.43,
  "live_price": 63461.99,
  "probs": [
    0.32935643196105957,
    0.34936201572418213,
    0.3212815225124359
  ],
  "equity": 100.0,
  "paper_trade": {
    "open": false
  },
  "trade_log": []
}