{
  "pred": 2,
  "conf": 0.4835287034511566,
  "notified_conf": 0.0,
  "ts": "2026-07-05 15:30",
  "btc_price": 62770.0,
  "live_price": 62806.25,
  "probs": [
    0.33325356245040894,
    0.18321768939495087,
    0.4835287034511566
  ],
  "equity": 100.0,
  "paper_trade": {
    "open": false
  },
  "trade_log": []
}