{
  "pred": 1,
  "conf": 0.34261858463287354,
  "notified_conf": 0.0,
  "ts": "2026-07-07 01:35",
  "btc_price": 63934.01,
  "live_price": 63930.01,
  "probs": [
    0.34148186445236206,
    0.34261858463287354,
    0.3158995509147644
  ],
  "equity": 100.0,
  "paper_trade": {
    "open": false
  },
  "trade_log": []
}