{
  "pred": 0,
  "conf": 0.3901156783103943,
  "notified_conf": 0.0,
  "ts": "2026-07-06 16:40",
  "btc_price": 63628.0,
  "live_price": 63692.0,
  "probs": [
    0.3901156783103943,
    0.37408697605133057,
    0.23579737544059753
  ],
  "equity": 100.0,
  "paper_trade": {
    "open": false
  },
  "trade_log": []
}