{
  "pred": 2,
  "conf": 0.5475384593009949,
  "notified_conf": 0.0,
  "ts": "2026-07-06 02:50",
  "btc_price": 63422.0,
  "live_price": 63426.0,
  "probs": [
    0.2747921645641327,
    0.17766942083835602,
    0.5475384593009949
  ],
  "equity": 100.0,
  "paper_trade": {
    "open": false
  },
  "trade_log": []
}