{
  "pred": 1,
  "conf": 0.39981216192245483,
  "notified_conf": 0.0,
  "ts": "2026-07-07 14:50",
  "btc_price": 63232.0,
  "live_price": 63241.56,
  "probs": [
    0.3387816548347473,
    0.39981216192245483,
    0.26140615344047546
  ],
  "equity": 100.0,
  "paper_trade": {
    "open": false
  },
  "trade_log": []
}