{
  "pred": 1,
  "conf": 0.35105112195014954,
  "notified_conf": 0.0,
  "ts": "2026-07-07 20:10",
  "btc_price": 63709.7,
  "live_price": 63738.11,
  "probs": [
    0.3374183773994446,
    0.35105112195014954,
    0.31153053045272827
  ],
  "equity": 100.0,
  "paper_trade": {
    "open": false
  },
  "trade_log": []
}