{
  "pred": 1,
  "conf": 0.37509146332740784,
  "notified_conf": 0.0,
  "ts": "2026-07-07 05:25",
  "btc_price": 62985.99,
  "live_price": 62900.0,
  "probs": [
    0.3171553909778595,
    0.37509146332740784,
    0.3077530860900879
  ],
  "equity": 100.0,
  "paper_trade": {
    "open": false
  },
  "trade_log": []
}