{
  "pred": 2,
  "conf": 0.34905877709388733,
  "notified_conf": 0.0,
  "ts": "2026-07-08 00:40",
  "btc_price": 63681.98,
  "live_price": 63745.19,
  "probs": [
    0.3067318797111511,
    0.34420931339263916,
    0.34905877709388733
  ],
  "equity": 100.0,
  "paper_trade": {
    "open": false
  },
  "trade_log": []
}