{
  "pred": 2,
  "conf": 0.34204015135765076,
  "notified_conf": 0.0,
  "ts": "2026-07-07 02:10",
  "btc_price": 63790.91,
  "live_price": 63824.56,
  "probs": [
    0.3237556517124176,
    0.33420416712760925,
    0.34204015135765076
  ],
  "equity": 100.0,
  "paper_trade": {
    "open": false
  },
  "trade_log": []
}