{
  "pred": 1,
  "conf": 0.3735198974609375,
  "notified_conf": 0.0,
  "ts": "2026-07-08 05:50",
  "btc_price": 62603.31,
  "live_price": 62606.91,
  "probs": [
    0.2985787093639374,
    0.3735198974609375,
    0.32790136337280273
  ],
  "equity": 100.0,
  "paper_trade": {
    "open": false
  },
  "trade_log": []
}