{
  "pred": 1,
  "conf": 0.3589436411857605,
  "notified_conf": 0.0,
  "ts": "2026-07-07 05:05",
  "btc_price": 63097.03,
  "live_price": 63089.43,
  "probs": [
    0.31066033244132996,
    0.3589436411857605,
    0.33039599657058716
  ],
  "equity": 100.0,
  "paper_trade": {
    "open": false
  },
  "trade_log": []
}