{
  "pred": 1,
  "conf": 0.39097461104393005,
  "notified_conf": 0.0,
  "ts": "2026-07-07 14:55",
  "btc_price": 63365.99,
  "live_price": 63427.14,
  "probs": [
    0.33202075958251953,
    0.39097461104393005,
    0.2770046293735504
  ],
  "equity": 100.0,
  "paper_trade": {
    "open": false
  },
  "trade_log": []
}