{
  "pred": 2,
  "conf": 0.5501714944839478,
  "notified_conf": 0.0,
  "ts": "2026-07-06 00:15",
  "btc_price": 63594.0,
  "live_price": 63614.0,
  "probs": [
    0.3262648284435272,
    0.12356365472078323,
    0.5501714944839478
  ],
  "equity": 100.0,
  "paper_trade": {
    "open": false
  },
  "trade_log": []
}