{
  "pred": 1,
  "conf": 0.34678927063941956,
  "notified_conf": 0.0,
  "ts": "2026-07-07 03:40",
  "btc_price": 63302.0,
  "live_price": 63267.76,
  "probs": [
    0.30872344970703125,
    0.34678927063941956,
    0.3444872796535492
  ],
  "equity": 100.0,
  "paper_trade": {
    "open": false
  },
  "trade_log": []
}