{
  "pred": 0,
  "conf": 0.3995339572429657,
  "notified_conf": 0.0,
  "ts": "2026-07-07 15:45",
  "btc_price": 63840.0,
  "live_price": 63987.07,
  "probs": [
    0.3995339572429657,
    0.36556893587112427,
    0.23489706218242645
  ],
  "equity": 100.0,
  "paper_trade": {
    "open": false
  },
  "trade_log": []
}