{
  "pred": 2,
  "conf": 0.5049079656600952,
  "notified_conf": 0.0,
  "ts": "2026-07-06 01:30",
  "btc_price": 63742.01,
  "live_price": 63818.01,
  "probs": [
    0.3410601019859314,
    0.154031902551651,
    0.5049079656600952
  ],
  "equity": 100.0,
  "paper_trade": {
    "open": false
  },
  "trade_log": []
}