{
  "pred": 1,
  "conf": 0.3982575833797455,
  "notified_conf": 0.0,
  "ts": "2026-07-07 09:55",
  "btc_price": 63250.0,
  "live_price": 63254.0,
  "probs": [
    0.3315794765949249,
    0.3982575833797455,
    0.2701629102230072
  ],
  "equity": 100.0,
  "paper_trade": {
    "open": false
  },
  "trade_log": []
}