{
  "pred": 0,
  "conf": 0.3574924170970917,
  "notified_conf": 0.0,
  "ts": "2026-07-07 07:20",
  "btc_price": 63339.99,
  "live_price": 63336.01,
  "probs": [
    0.3574924170970917,
    0.3537270128726959,
    0.2887806296348572
  ],
  "equity": 100.0,
  "paper_trade": {
    "open": false
  },
  "trade_log": []
}