{
  "pred": 1,
  "conf": 0.3475201725959778,
  "notified_conf": 0.0,
  "ts": "2026-07-07 22:05",
  "btc_price": 63328.21,
  "live_price": 63359.69,
  "probs": [
    0.3435787260532379,
    0.3475201725959778,
    0.3089010715484619
  ],
  "equity": 100.0,
  "paper_trade": {
    "open": false
  },
  "trade_log": []
}