{
  "pred": 2,
  "conf": 0.3586377203464508,
  "notified_conf": 0.0,
  "ts": "2026-07-08 00:05",
  "btc_price": 63425.99,
  "live_price": 63440.72,
  "probs": [
    0.2892165184020996,
    0.352145791053772,
    0.3586377203464508
  ],
  "equity": 100.0,
  "paper_trade": {
    "open": false
  },
  "trade_log": []
}