{
  "pred": 1,
  "conf": 0.3619568645954132,
  "notified_conf": 0.0,
  "ts": "2026-07-07 22:20",
  "btc_price": 63471.34,
  "live_price": 63501.99,
  "probs": [
    0.2976760268211365,
    0.3619568645954132,
    0.3403671383857727
  ],
  "equity": 100.0,
  "paper_trade": {
    "open": false
  },
  "trade_log": []
}