{
  "pred": 1,
  "conf": 0.34557828307151794,
  "notified_conf": 0.0,
  "ts": "2026-07-07 02:15",
  "btc_price": 63828.0,
  "live_price": 63826.01,
  "probs": [
    0.31324303150177,
    0.34557828307151794,
    0.34117868542671204
  ],
  "equity": 100.0,
  "paper_trade": {
    "open": false
  },
  "trade_log": []
}