{
  "pred": 2,
  "conf": 0.4064543843269348,
  "notified_conf": 0.0,
  "ts": "2026-07-06 09:20",
  "btc_price": 62844.96,
  "live_price": 62764.01,
  "probs": [
    0.30203548073768616,
    0.29151010513305664,
    0.4064543843269348
  ],
  "equity": 100.0,
  "paper_trade": {
    "open": false
  },
  "trade_log": []
}