{
  "pred": 2,
  "conf": 0.40896520018577576,
  "notified_conf": 0.0,
  "ts": "2026-07-06 09:10",
  "btc_price": 62868.59,
  "live_price": 62851.01,
  "probs": [
    0.30524611473083496,
    0.2857886850833893,
    0.40896520018577576
  ],
  "equity": 100.0,
  "paper_trade": {
    "open": false
  },
  "trade_log": []
}