{
  "pred": 1,
  "conf": 0.39569932222366333,
  "notified_conf": 0.0,
  "ts": "2026-07-06 14:15",
  "btc_price": 61931.57,
  "live_price": 61773.74,
  "probs": [
    0.29789870977401733,
    0.39569932222366333,
    0.30640193819999695
  ],
  "equity": 100.0,
  "paper_trade": {
    "open": false
  },
  "trade_log": []
}