{
  "pred": 2,
  "conf": 0.5194834470748901,
  "notified_conf": 0.0,
  "ts": "2026-07-05 17:10",
  "btc_price": 62722.26,
  "live_price": 62700.77,
  "probs": [
    0.2932046949863434,
    0.18731187283992767,
    0.5194834470748901
  ],
  "equity": 100.0,
  "paper_trade": {
    "open": false
  },
  "trade_log": []
}