{
  "pred": 0,
  "conf": 0.35558027029037476,
  "notified_conf": 0.0,
  "ts": "2026-07-06 20:50",
  "btc_price": 63796.12,
  "live_price": 63889.63,
  "probs": [
    0.35558027029037476,
    0.3245293200016022,
    0.3198903799057007
  ],
  "equity": 100.0,
  "paper_trade": {
    "open": false
  },
  "trade_log": []
}