{
  "pred": 2,
  "conf": 0.5658643245697021,
  "notified_conf": 0.0,
  "ts": "2026-07-05 19:15",
  "btc_price": 62840.81,
  "live_price": 62880.01,
  "probs": [
    0.28445568680763245,
    0.1496800035238266,
    0.5658643245697021
  ],
  "equity": 100.0,
  "paper_trade": {
    "open": false
  },
  "trade_log": []
}