{
  "pred": 0,
  "conf": 0.37391066551208496,
  "notified_conf": 0.0,
  "ts": "2026-07-06 21:50",
  "btc_price": 64293.2,
  "live_price": 64426.01,
  "probs": [
    0.37391066551208496,
    0.3729833960533142,
    0.25310590863227844
  ],
  "equity": 100.0,
  "paper_trade": {
    "open": false
  },
  "trade_log": []
}