{
  "pred": 0,
  "conf": 0.3600769639015198,
  "notified_conf": 0.0,
  "ts": "2026-07-06 19:20",
  "btc_price": 63850.74,
  "live_price": 63824.0,
  "probs": [
    0.3600769639015198,
    0.357027143239975,
    0.28289589285850525
  ],
  "equity": 100.0,
  "paper_trade": {
    "open": false
  },
  "trade_log": []
}