{
  "pred": 2,
  "conf": 0.5289719104766846,
  "notified_conf": 0.0,
  "ts": "2026-07-06 00:25",
  "btc_price": 63462.32,
  "live_price": 63454.0,
  "probs": [
    0.29507625102996826,
    0.1759517937898636,
    0.5289719104766846
  ],
  "equity": 100.0,
  "paper_trade": {
    "open": false
  },
  "trade_log": []
}