{
  "pred": 2,
  "conf": 0.6454113125801086,
  "notified_conf": 0.0,
  "ts": "2026-07-05 20:10",
  "btc_price": 62820.0,
  "live_price": 62816.0,
  "probs": [
    0.24359658360481262,
    0.11099206656217575,
    0.6454113125801086
  ],
  "equity": 100.0,
  "paper_trade": {
    "open": false
  },
  "trade_log": []
}