{
  "pred": 1,
  "conf": 0.35600486397743225,
  "notified_conf": 0.0,
  "ts": "2026-07-07 04:30",
  "btc_price": 63265.17,
  "live_price": 63256.0,
  "probs": [
    0.2964332103729248,
    0.35600486397743225,
    0.34756192564964294
  ],
  "equity": 100.0,
  "paper_trade": {
    "open": false
  },
  "trade_log": []
}