{
  "pred": 1,
  "conf": 0.3905322551727295,
  "notified_conf": 0.0,
  "ts": "2026-07-08 08:15",
  "btc_price": 62830.0,
  "live_price": 62475.79,
  "probs": [
    0.3077504336833954,
    0.3905322551727295,
    0.30171728134155273
  ],
  "equity": 100.0,
  "paper_trade": {
    "open": false
  },
  "trade_log": []
}