{
  "pred": 0,
  "conf": 0.40425512194633484,
  "notified_conf": 0.0,
  "ts": "2026-07-05 23:00",
  "btc_price": 63736.0,
  "live_price": 63814.0,
  "probs": [
    0.40425512194633484,
    0.21346361935138702,
    0.3822813034057617
  ],
  "equity": 100.0,
  "paper_trade": {
    "open": false
  },
  "trade_log": []
}