{
  "pred": 1,
  "conf": 0.3606352210044861,
  "notified_conf": 0.0,
  "ts": "2026-07-07 20:15",
  "btc_price": 63778.08,
  "live_price": 63736.72,
  "probs": [
    0.3207193911075592,
    0.3606352210044861,
    0.3186454474925995
  ],
  "equity": 100.0,
  "paper_trade": {
    "open": false
  },
  "trade_log": []
}