{
  "pred": 0,
  "conf": 0.40846824645996094,
  "notified_conf": 0.0,
  "ts": "2026-07-06 17:25",
  "btc_price": 63889.04,
  "live_price": 63911.26,
  "probs": [
    0.40846824645996094,
    0.33313053846359253,
    0.25840112566947937
  ],
  "equity": 100.0,
  "paper_trade": {
    "open": false
  },
  "trade_log": []
}