{
  "pred": 0,
  "conf": 0.3878823518753052,
  "notified_conf": 0.0,
  "ts": "2026-07-05 22:35",
  "btc_price": 63639.99,
  "live_price": 63632.0,
  "probs": [
    0.3878823518753052,
    0.2435840219259262,
    0.3685336410999298
  ],
  "equity": 100.0,
  "paper_trade": {
    "open": false
  },
  "trade_log": []
}