{
  "pred": 1,
  "conf": 0.3823644518852234,
  "notified_conf": 0.0,
  "ts": "2026-07-07 10:55",
  "btc_price": 63265.99,
  "live_price": 63257.19,
  "probs": [
    0.34297043085098267,
    0.3823644518852234,
    0.27466508746147156
  ],
  "equity": 100.0,
  "paper_trade": {
    "open": false
  },
  "trade_log": []
}