{
  "pred": 1,
  "conf": 0.35955625772476196,
  "notified_conf": 0.0,
  "ts": "2026-07-07 23:00",
  "btc_price": 63551.02,
  "live_price": 63556.5,
  "probs": [
    0.29691383242607117,
    0.35955625772476196,
    0.34352993965148926
  ],
  "equity": 100.0,
  "paper_trade": {
    "open": false
  },
  "trade_log": []
}