{
  "pred": 1,
  "conf": 0.3828115165233612,
  "notified_conf": 0.0,
  "ts": "2026-07-07 11:40",
  "btc_price": 63160.01,
  "live_price": 63176.98,
  "probs": [
    0.3103460967540741,
    0.3828115165233612,
    0.3068423867225647
  ],
  "equity": 100.0,
  "paper_trade": {
    "open": false
  },
  "trade_log": []
}