{
  "pred": 0,
  "conf": 0.3904056251049042,
  "notified_conf": 0.0,
  "ts": "2026-07-07 12:50",
  "btc_price": 63474.03,
  "live_price": 63503.68,
  "probs": [
    0.3904056251049042,
    0.36202988028526306,
    0.24756452441215515
  ],
  "equity": 100.0,
  "paper_trade": {
    "open": false
  },
  "trade_log": []
}