{
  "pred": 0,
  "conf": 0.3738662600517273,
  "notified_conf": 0.0,
  "ts": "2026-07-06 23:00",
  "btc_price": 64244.0,
  "live_price": 64275.54,
  "probs": [
    0.3738662600517273,
    0.3288280963897705,
    0.2973056733608246
  ],
  "equity": 100.0,
  "paper_trade": {
    "open": false
  },
  "trade_log": []
}