{
  "pred": 2,
  "conf": 0.5653049349784851,
  "notified_conf": 0.0,
  "ts": "2026-07-06 00:30",
  "btc_price": 63418.0,
  "live_price": 63450.0,
  "probs": [
    0.2887093722820282,
    0.1459857076406479,
    0.5653049349784851
  ],
  "equity": 100.0,
  "paper_trade": {
    "open": false
  },
  "trade_log": []
}