{
  "pred": 0,
  "conf": 0.4056476354598999,
  "notified_conf": 0.0,
  "ts": "2026-07-06 16:25",
  "btc_price": 63602.84,
  "live_price": 63558.73,
  "probs": [
    0.4056476354598999,
    0.3563183844089508,
    0.23803392052650452
  ],
  "equity": 100.0,
  "paper_trade": {
    "open": false
  },
  "trade_log": []
}