{
  "pred": 1,
  "conf": 0.3711448311805725,
  "notified_conf": 0.0,
  "ts": "2026-07-06 12:30",
  "btc_price": 62080.44,
  "live_price": 62088.01,
  "probs": [
    0.3564639389514923,
    0.3711448311805725,
    0.27239131927490234
  ],
  "equity": 100.0,
  "paper_trade": {
    "open": false
  },
  "trade_log": []
}