{
  "pred": 2,
  "conf": 0.3469488322734833,
  "notified_conf": 0.0,
  "ts": "2026-07-07 04:15",
  "btc_price": 63198.01,
  "live_price": 63190.01,
  "probs": [
    0.3093268573284149,
    0.3437243103981018,
    0.3469488322734833
  ],
  "equity": 100.0,
  "paper_trade": {
    "open": false
  },
  "trade_log": []
}