{
  "pred": 1,
  "conf": 0.3775695264339447,
  "notified_conf": 0.0,
  "ts": "2026-07-07 11:50",
  "btc_price": 63413.8,
  "live_price": 63402.0,
  "probs": [
    0.35279107093811035,
    0.3775695264339447,
    0.26963940262794495
  ],
  "equity": 100.0,
  "paper_trade": {
    "open": false
  },
  "trade_log": []
}