{
  "pred": 1,
  "conf": 0.3930325508117676,
  "notified_conf": 0.0,
  "ts": "2026-07-07 06:30",
  "btc_price": 63168.0,
  "live_price": 63166.47,
  "probs": [
    0.3112521767616272,
    0.3930325508117676,
    0.29571521282196045
  ],
  "equity": 100.0,
  "paper_trade": {
    "open": false
  },
  "trade_log": []
}