{
  "pred": 0,
  "conf": 0.3553246855735779,
  "notified_conf": 0.0,
  "ts": "2026-07-06 23:40",
  "btc_price": 64090.01,
  "live_price": 64068.0,
  "probs": [
    0.3553246855735779,
    0.3021240234375,
    0.3425512909889221
  ],
  "equity": 100.0,
  "paper_trade": {
    "open": false
  },
  "trade_log": []
}