{
  "pred": 1,
  "conf": 0.36009523272514343,
  "notified_conf": 0.0,
  "ts": "2026-07-07 22:10",
  "btc_price": 63400.93,
  "live_price": 63425.99,
  "probs": [
    0.294204980134964,
    0.36009523272514343,
    0.3456997573375702
  ],
  "equity": 100.0,
  "paper_trade": {
    "open": false
  },
  "trade_log": []
}