{
  "pred": 2,
  "conf": 0.3684660792350769,
  "notified_conf": 0.0,
  "ts": "2026-07-08 00:10",
  "btc_price": 63476.0,
  "live_price": 63465.99,
  "probs": [
    0.2764912247657776,
    0.3550426661968231,
    0.3684660792350769
  ],
  "equity": 100.0,
  "paper_trade": {
    "open": false
  },
  "trade_log": []
}