{
  "pred": 1,
  "conf": 0.38244661688804626,
  "notified_conf": 0.0,
  "ts": "2026-07-07 09:50",
  "btc_price": 63322.01,
  "live_price": 63253.39,
  "probs": [
    0.35038474202156067,
    0.38244661688804626,
    0.2671686112880707
  ],
  "equity": 100.0,
  "paper_trade": {
    "open": false
  },
  "trade_log": []
}