{
  "pred": 0,
  "conf": 0.359596848487854,
  "notified_conf": 0.0,
  "ts": "2026-07-07 01:00",
  "btc_price": 64203.99,
  "live_price": 64027.7,
  "probs": [
    0.359596848487854,
    0.31774458289146423,
    0.32265856862068176
  ],
  "equity": 100.0,
  "paper_trade": {
    "open": false
  },
  "trade_log": []
}