{
  "pred": 1,
  "conf": 0.3716052174568176,
  "notified_conf": 0.0,
  "ts": "2026-07-08 05:35",
  "btc_price": 62772.0,
  "live_price": 62764.01,
  "probs": [
    0.28131765127182007,
    0.3716052174568176,
    0.3470771610736847
  ],
  "equity": 100.0,
  "paper_trade": {
    "open": false
  },
  "trade_log": []
}