{
  "pred": 1,
  "conf": 0.3487982153892517,
  "notified_conf": 0.0,
  "ts": "2026-07-07 01:50",
  "btc_price": 63985.99,
  "live_price": 63978.01,
  "probs": [
    0.3335196077823639,
    0.3487982153892517,
    0.3176821768283844
  ],
  "equity": 100.0,
  "paper_trade": {
    "open": false
  },
  "trade_log": []
}