{
  "pred": 1,
  "conf": 0.3690229058265686,
  "notified_conf": 0.0,
  "ts": "2026-07-08 03:00",
  "btc_price": 62979.99,
  "live_price": 63044.0,
  "probs": [
    0.3016010820865631,
    0.3690229058265686,
    0.3293760120868683
  ],
  "equity": 100.0,
  "paper_trade": {
    "open": false
  },
  "trade_log": []
}