{
  "pred": 1,
  "conf": 0.3461339771747589,
  "notified_conf": 0.0,
  "ts": "2026-07-07 02:30",
  "btc_price": 63570.01,
  "live_price": 63472.0,
  "probs": [
    0.33003824949264526,
    0.3461339771747589,
    0.32382774353027344
  ],
  "equity": 100.0,
  "paper_trade": {
    "open": false
  },
  "trade_log": []
}