{
  "pred": 2,
  "conf": 0.46741852164268494,
  "notified_conf": 0.0,
  "ts": "2026-07-06 06:15",
  "btc_price": 63121.27,
  "live_price": 63102.0,
  "probs": [
    0.2809225916862488,
    0.2516588568687439,
    0.46741852164268494
  ],
  "equity": 100.0,
  "paper_trade": {
    "open": false
  },
  "trade_log": []
}