{
  "pred": 1,
  "conf": 0.35193729400634766,
  "notified_conf": 0.0,
  "ts": "2026-07-07 19:00",
  "btc_price": 63679.99,
  "live_price": 63684.0,
  "probs": [
    0.34548914432525635,
    0.35193729400634766,
    0.3025735318660736
  ],
  "equity": 100.0,
  "paper_trade": {
    "open": false
  },
  "trade_log": []
}