{
  "pred": 0,
  "conf": 0.3514164686203003,
  "notified_conf": 0.0,
  "ts": "2026-07-07 01:10",
  "btc_price": 63975.92,
  "live_price": 63966.01,
  "probs": [
    0.3514164686203003,
    0.346172958612442,
    0.3024105429649353
  ],
  "equity": 100.0,
  "paper_trade": {
    "open": false
  },
  "trade_log": []
}