{
  "pred": 1,
  "conf": 0.3880477249622345,
  "notified_conf": 0.0,
  "ts": "2026-07-07 07:10",
  "btc_price": 63318.01,
  "live_price": 63396.01,
  "probs": [
    0.35820531845092773,
    0.3880477249622345,
    0.2537469267845154
  ],
  "equity": 100.0,
  "paper_trade": {
    "open": false
  },
  "trade_log": []
}