{
  "pred": 1,
  "conf": 0.397556871175766,
  "notified_conf": 0.0,
  "ts": "2026-07-08 07:55",
  "btc_price": 62894.89,
  "live_price": 62873.02,
  "probs": [
    0.2946292459964752,
    0.397556871175766,
    0.3078138828277588
  ],
  "equity": 100.0,
  "paper_trade": {
    "open": false
  },
  "trade_log": []
}