{
  "pred": 2,
  "conf": 0.5827887058258057,
  "notified_conf": 0.0,
  "ts": "2026-07-05 19:40",
  "btc_price": 62797.45,
  "live_price": 62780.01,
  "probs": [
    0.2835923433303833,
    0.1336190104484558,
    0.5827887058258057
  ],
  "equity": 100.0,
  "paper_trade": {
    "open": false
  },
  "trade_log": []
}