{
  "pred": 1,
  "conf": 0.343180388212204,
  "notified_conf": 0.0,
  "ts": "2026-07-07 23:45",
  "btc_price": 63446.0,
  "live_price": 63441.22,
  "probs": [
    0.314942330121994,
    0.343180388212204,
    0.3418773412704468
  ],
  "equity": 100.0,
  "paper_trade": {
    "open": false
  },
  "trade_log": []
}