{
  "pred": 0,
  "conf": 0.4096580743789673,
  "notified_conf": 0.0,
  "ts": "2026-07-06 17:15",
  "btc_price": 63852.23,
  "live_price": 63879.99,
  "probs": [
    0.4096580743789673,
    0.3390740156173706,
    0.25126779079437256
  ],
  "equity": 100.0,
  "paper_trade": {
    "open": false
  },
  "trade_log": []
}