{
  "pred": 1,
  "conf": 0.381303608417511,
  "notified_conf": 0.0,
  "ts": "2026-07-07 10:10",
  "btc_price": 63383.53,
  "live_price": 63369.99,
  "probs": [
    0.34559905529022217,
    0.381303608417511,
    0.27309733629226685
  ],
  "equity": 100.0,
  "paper_trade": {
    "open": false
  },
  "trade_log": []
}