{
  "pred": 2,
  "conf": 0.4965992271900177,
  "notified_conf": 0.0,
  "ts": "2026-07-06 00:45",
  "btc_price": 63604.0,
  "live_price": 63649.99,
  "probs": [
    0.32988065481185913,
    0.17352010309696198,
    0.4965992271900177
  ],
  "equity": 100.0,
  "paper_trade": {
    "open": false
  },
  "trade_log": []
}