{
  "pred": 1,
  "conf": 0.39432594180107117,
  "notified_conf": 0.0,
  "ts": "2026-07-08 07:10",
  "btc_price": 62614.47,
  "live_price": 62634.6,
  "probs": [
    0.2958485782146454,
    0.39432594180107117,
    0.30982550978660583
  ],
  "equity": 100.0,
  "paper_trade": {
    "open": false
  },
  "trade_log": []
}