{
  "pred": 1,
  "conf": 0.3838416039943695,
  "notified_conf": 0.0,
  "ts": "2026-07-07 11:00",
  "btc_price": 63284.0,
  "live_price": 63148.31,
  "probs": [
    0.3353012204170227,
    0.3838416039943695,
    0.280857115983963
  ],
  "equity": 100.0,
  "paper_trade": {
    "open": false
  },
  "trade_log": []
}