{
  "pred": 1,
  "conf": 0.3833971619606018,
  "notified_conf": 0.0,
  "ts": "2026-07-06 14:35",
  "btc_price": 62008.01,
  "live_price": 62100.4,
  "probs": [
    0.32314810156822205,
    0.3833971619606018,
    0.29345470666885376
  ],
  "equity": 100.0,
  "paper_trade": {
    "open": false
  },
  "trade_log": []
}