{
  "pred": 2,
  "conf": 0.4470727741718292,
  "notified_conf": 0.0,
  "ts": "2026-07-06 02:25",
  "btc_price": 63616.0,
  "live_price": 63596.01,
  "probs": [
    0.3270338475704193,
    0.22589339315891266,
    0.4470727741718292
  ],
  "equity": 100.0,
  "paper_trade": {
    "open": false
  },
  "trade_log": []
}