{
  "pred": 0,
  "conf": 0.358864963054657,
  "notified_conf": 0.0,
  "ts": "2026-07-06 20:05",
  "btc_price": 63598.0,
  "live_price": 63634.09,
  "probs": [
    0.358864963054657,
    0.3478027582168579,
    0.2933322489261627
  ],
  "equity": 100.0,
  "paper_trade": {
    "open": false
  },
  "trade_log": []
}