{
  "pred": 0,
  "conf": 0.37368080019950867,
  "notified_conf": 0.0,
  "ts": "2026-07-06 19:30",
  "btc_price": 63841.45,
  "live_price": 63814.16,
  "probs": [
    0.37368080019950867,
    0.3336331844329834,
    0.29268601536750793
  ],
  "equity": 100.0,
  "paper_trade": {
    "open": false
  },
  "trade_log": []
}