{
  "pred": 2,
  "conf": 0.4798491597175598,
  "notified_conf": 0.0,
  "ts": "2026-07-06 07:10",
  "btc_price": 62942.58,
  "live_price": 62918.01,
  "probs": [
    0.2782090902328491,
    0.24194179475307465,
    0.4798491597175598
  ],
  "equity": 100.0,
  "paper_trade": {
    "open": false
  },
  "trade_log": []
}