{
  "pred": 1,
  "conf": 0.39353692531585693,
  "notified_conf": 0.0,
  "ts": "2026-07-07 07:35",
  "btc_price": 63200.0,
  "live_price": 63118.01,
  "probs": [
    0.3377244770526886,
    0.39353692531585693,
    0.26873859763145447
  ],
  "equity": 100.0,
  "paper_trade": {
    "open": false
  },
  "trade_log": []
}