{
  "pred": 0,
  "conf": 0.3733084499835968,
  "notified_conf": 0.0,
  "ts": "2026-07-08 08:45",
  "btc_price": 62048.25,
  "live_price": 62130.0,
  "probs": [
    0.3733084499835968,
    0.3607693314552307,
    0.2659222185611725
  ],
  "equity": 100.0,
  "paper_trade": {
    "open": false
  },
  "trade_log": []
}