{
  "pred": 0,
  "conf": 0.40336647629737854,
  "notified_conf": 0.0,
  "ts": "2026-07-06 16:45",
  "btc_price": 63740.0,
  "live_price": 63716.0,
  "probs": [
    0.40336647629737854,
    0.3393382728099823,
    0.2572952210903168
  ],
  "equity": 100.0,
  "paper_trade": {
    "open": false
  },
  "trade_log": []
}