{
  "pred": 2,
  "conf": 0.6034083962440491,
  "notified_conf": 0.0,
  "ts": "2026-07-05 19:55",
  "btc_price": 62779.57,
  "live_price": 62772.74,
  "probs": [
    0.26216116547584534,
    0.13443048298358917,
    0.6034083962440491
  ],
  "equity": 100.0,
  "paper_trade": {
    "open": false
  },
  "trade_log": []
}