{
  "pred": 2,
  "conf": 0.3943372964859009,
  "notified_conf": 0.0,
  "ts": "2026-07-06 01:35",
  "btc_price": 63910.01,
  "live_price": 63839.99,
  "probs": [
    0.3610788881778717,
    0.2445838302373886,
    0.3943372964859009
  ],
  "equity": 100.0,
  "paper_trade": {
    "open": false
  },
  "trade_log": []
}