{
  "pred": 2,
  "conf": 0.4062795341014862,
  "notified_conf": 0.0,
  "ts": "2026-07-06 09:50",
  "btc_price": 62636.83,
  "live_price": 62676.14,
  "probs": [
    0.29105454683303833,
    0.3026658594608307,
    0.4062795341014862
  ],
  "equity": 100.0,
  "paper_trade": {
    "open": false
  },
  "trade_log": []
}