{
  "pred": 1,
  "conf": 0.38103145360946655,
  "notified_conf": 0.0,
  "ts": "2026-07-07 05:40",
  "btc_price": 63167.99,
  "live_price": 63167.0,
  "probs": [
    0.31477805972099304,
    0.38103145360946655,
    0.3041904866695404
  ],
  "equity": 100.0,
  "paper_trade": {
    "open": false
  },
  "trade_log": []
}