{
  "pred": 0,
  "conf": 0.4013211131095886,
  "notified_conf": 0.0,
  "ts": "2026-07-06 17:00",
  "btc_price": 63732.0,
  "live_price": 63726.0,
  "probs": [
    0.4013211131095886,
    0.3507545292377472,
    0.24792437255382538
  ],
  "equity": 100.0,
  "paper_trade": {
    "open": false
  },
  "trade_log": []
}