{
  "pred": 1,
  "conf": 0.3702698051929474,
  "notified_conf": 0.0,
  "ts": "2026-07-06 12:10",
  "btc_price": 61992.0,
  "live_price": 62132.28,
  "probs": [
    0.34437745809555054,
    0.3702698051929474,
    0.28535282611846924
  ],
  "equity": 100.0,
  "paper_trade": {
    "open": false
  },
  "trade_log": []
}