{
  "pred": 0,
  "conf": 0.3794069290161133,
  "notified_conf": 0.0,
  "ts": "2026-07-07 18:10",
  "btc_price": 64072.45,
  "live_price": 64039.42,
  "probs": [
    0.3794069290161133,
    0.3367152214050293,
    0.2838779091835022
  ],
  "equity": 100.0,
  "paper_trade": {
    "open": false
  },
  "trade_log": []
}