{
  "pred": 2,
  "conf": 0.34486648440361023,
  "notified_conf": 0.0,
  "ts": "2026-07-07 02:00",
  "btc_price": 63840.0,
  "live_price": 63876.0,
  "probs": [
    0.3274068534374237,
    0.32772666215896606,
    0.34486648440361023
  ],
  "equity": 100.0,
  "paper_trade": {
    "open": false
  },
  "trade_log": []
}