{
  "pred": 2,
  "conf": 0.4478233754634857,
  "notified_conf": 0.0,
  "ts": "2026-07-05 15:15",
  "btc_price": 62807.88,
  "live_price": 62796.0,
  "probs": [
    0.35489600896835327,
    0.19728060066699982,
    0.4478233754634857
  ],
  "equity": 100.0,
  "paper_trade": {
    "open": false
  },
  "trade_log": []
}