{
  "pred": 2,
  "conf": 0.5759860873222351,
  "notified_conf": 0.0,
  "ts": "2026-07-05 19:45",
  "btc_price": 62804.25,
  "live_price": 62798.01,
  "probs": [
    0.2867462635040283,
    0.13726770877838135,
    0.5759860873222351
  ],
  "equity": 100.0,
  "paper_trade": {
    "open": false
  },
  "trade_log": []
}