{
  "pred": 2,
  "conf": 0.4593280553817749,
  "notified_conf": 0.0,
  "ts": "2026-07-06 06:55",
  "btc_price": 62984.0,
  "live_price": 62992.51,
  "probs": [
    0.2932116389274597,
    0.24746030569076538,
    0.4593280553817749
  ],
  "equity": 100.0,
  "paper_trade": {
    "open": false
  },
  "trade_log": []
}