{
  "pred": 2,
  "conf": 0.43315818905830383,
  "notified_conf": 0.0,
  "ts": "2026-07-05 23:35",
  "btc_price": 63651.01,
  "live_price": 63641.98,
  "probs": [
    0.38637757301330566,
    0.1804642379283905,
    0.43315818905830383
  ],
  "equity": 100.0,
  "paper_trade": {
    "open": false
  },
  "trade_log": []
}