{
  "pred": 2,
  "conf": 0.40374401211738586,
  "notified_conf": 0.0,
  "ts": "2026-07-06 09:15",
  "btc_price": 62864.55,
  "live_price": 62866.0,
  "probs": [
    0.3106479048728943,
    0.28560805320739746,
    0.40374401211738586
  ],
  "equity": 100.0,
  "paper_trade": {
    "open": false
  },
  "trade_log": []
}