{
  "pred": 2,
  "conf": 0.4597303569316864,
  "notified_conf": 0.0,
  "ts": "2026-07-06 00:00",
  "btc_price": 63650.0,
  "live_price": 63640.63,
  "probs": [
    0.3407713770866394,
    0.19949819147586823,
    0.4597303569316864
  ],
  "equity": 100.0,
  "paper_trade": {
    "open": false
  },
  "trade_log": []
}