{
  "pred": 1,
  "conf": 0.37874671816825867,
  "notified_conf": 0.0,
  "ts": "2026-07-06 13:30",
  "btc_price": 61456.0,
  "live_price": 61532.55,
  "probs": [
    0.32085686922073364,
    0.37874671816825867,
    0.3003963828086853
  ],
  "equity": 100.0,
  "paper_trade": {
    "open": false
  },
  "trade_log": []
}