{
  "pred": 1,
  "conf": 0.3834931552410126,
  "notified_conf": 0.0,
  "ts": "2026-07-08 09:10",
  "btc_price": 61951.01,
  "live_price": 61920.24,
  "probs": [
    0.32885345816612244,
    0.3834931552410126,
    0.287653386592865
  ],
  "equity": 100.0,
  "paper_trade": {
    "open": false
  },
  "trade_log": []
}