{
  "pred": 1,
  "conf": 0.3815156817436218,
  "notified_conf": 0.0,
  "ts": "2026-07-07 08:00",
  "btc_price": 63083.18,
  "live_price": 63092.04,
  "probs": [
    0.3304237425327301,
    0.3815156817436218,
    0.2880605459213257
  ],
  "equity": 100.0,
  "paper_trade": {
    "open": false
  },
  "trade_log": []
}