{
  "pred": 0,
  "conf": 0.40244945883750916,
  "notified_conf": 0.0,
  "ts": "2026-07-07 17:15",
  "btc_price": 64014.96,
  "live_price": 63962.0,
  "probs": [
    0.40244945883750916,
    0.34056520462036133,
    0.2569854259490967
  ],
  "equity": 100.0,
  "paper_trade": {
    "open": false
  },
  "trade_log": []
}