{
  "pred": 2,
  "conf": 0.38576847314834595,
  "notified_conf": 0.0,
  "ts": "2026-07-06 08:50",
  "btc_price": 62909.9,
  "live_price": 62902.0,
  "probs": [
    0.3200497627258301,
    0.29418182373046875,
    0.38576847314834595
  ],
  "equity": 100.0,
  "paper_trade": {
    "open": false
  },
  "trade_log": []
}