{
  "pred": 1,
  "conf": 0.3723401129245758,
  "notified_conf": 0.0,
  "ts": "2026-07-08 05:05",
  "btc_price": 62796.0,
  "live_price": 62836.0,
  "probs": [
    0.28107112646102905,
    0.3723401129245758,
    0.3465888202190399
  ],
  "equity": 100.0,
  "paper_trade": {
    "open": false
  },
  "trade_log": []
}