{
  "pred": 1,
  "conf": 0.3799377381801605,
  "notified_conf": 0.0,
  "ts": "2026-07-07 10:20",
  "btc_price": 63443.19,
  "live_price": 63378.0,
  "probs": [
    0.34249430894851685,
    0.3799377381801605,
    0.277567982673645
  ],
  "equity": 100.0,
  "paper_trade": {
    "open": false
  },
  "trade_log": []
}