{
  "pred": 2,
  "conf": 0.5425356030464172,
  "notified_conf": 0.0,
  "ts": "2026-07-05 18:40",
  "btc_price": 62760.0,
  "live_price": 62754.01,
  "probs": [
    0.2910626530647278,
    0.16640175879001617,
    0.5425356030464172
  ],
  "equity": 100.0,
  "paper_trade": {
    "open": false
  },
  "trade_log": []
}