{
  "pred": 1,
  "conf": 0.41447019577026367,
  "notified_conf": 0.0,
  "ts": "2026-07-08 07:15",
  "btc_price": 62747.35,
  "live_price": 62713.51,
  "probs": [
    0.28405436873435974,
    0.41447019577026367,
    0.30147552490234375
  ],
  "equity": 100.0,
  "paper_trade": {
    "open": false
  },
  "trade_log": []
}