{
  "pred": 0,
  "conf": 0.36790668964385986,
  "notified_conf": 0.0,
  "ts": "2026-07-06 19:25",
  "btc_price": 63886.39,
  "live_price": 63867.27,
  "probs": [
    0.36790668964385986,
    0.3593519330024719,
    0.2727413773536682
  ],
  "equity": 100.0,
  "paper_trade": {
    "open": false
  },
  "trade_log": []
}