{
  "pred": 2,
  "conf": 0.48037776350975037,
  "notified_conf": 0.0,
  "ts": "2026-07-05 16:00",
  "btc_price": 62740.01,
  "live_price": 62736.01,
  "probs": [
    0.33229830861091614,
    0.18732388317584991,
    0.48037776350975037
  ],
  "equity": 100.0,
  "paper_trade": {
    "open": false
  },
  "trade_log": []
}