{
  "pred": 1,
  "conf": 0.386060893535614,
  "notified_conf": 0.0,
  "ts": "2026-07-07 15:00",
  "btc_price": 63562.05,
  "live_price": 63556.0,
  "probs": [
    0.3407978117465973,
    0.386060893535614,
    0.2731412947177887
  ],
  "equity": 100.0,
  "paper_trade": {
    "open": false
  },
  "trade_log": []
}