{
  "pred": 2,
  "conf": 0.46212196350097656,
  "notified_conf": 0.0,
  "ts": "2026-07-06 07:45",
  "btc_price": 63103.42,
  "live_price": 63076.62,
  "probs": [
    0.3092586100101471,
    0.22861939668655396,
    0.46212196350097656
  ],
  "equity": 100.0,
  "paper_trade": {
    "open": false
  },
  "trade_log": []
}