{
  "pred": 2,
  "conf": 0.5637094378471375,
  "notified_conf": 0.0,
  "ts": "2026-07-06 02:40",
  "btc_price": 63502.01,
  "live_price": 63420.33,
  "probs": [
    0.2831512689590454,
    0.15313930809497833,
    0.5637094378471375
  ],
  "equity": 100.0,
  "paper_trade": {
    "open": false
  },
  "trade_log": []
}