{
  "pred": 1,
  "conf": 0.37997323274612427,
  "notified_conf": 0.0,
  "ts": "2026-07-07 06:20",
  "btc_price": 63078.09,
  "live_price": 63119.4,
  "probs": [
    0.3189365565776825,
    0.37997323274612427,
    0.3010902404785156
  ],
  "equity": 100.0,
  "paper_trade": {
    "open": false
  },
  "trade_log": []
}