{
  "pred": 1,
  "conf": 0.3960944414138794,
  "notified_conf": 0.0,
  "ts": "2026-07-06 14:55",
  "btc_price": 62017.99,
  "live_price": 62001.8,
  "probs": [
    0.3025694191455841,
    0.3960944414138794,
    0.3013361394405365
  ],
  "equity": 100.0,
  "paper_trade": {
    "open": false
  },
  "trade_log": []
}