{
  "pred": 1,
  "conf": 0.3922175467014313,
  "notified_conf": 0.0,
  "ts": "2026-07-07 05:55",
  "btc_price": 63257.98,
  "live_price": 63257.99,
  "probs": [
    0.3361244797706604,
    0.3922175467014313,
    0.27165788412094116
  ],
  "equity": 100.0,
  "paper_trade": {
    "open": false
  },
  "trade_log": []
}