{
  "pred": 1,
  "conf": 0.4105766713619232,
  "notified_conf": 0.0,
  "ts": "2026-07-06 12:15",
  "btc_price": 61985.63,
  "live_price": 62010.52,
  "probs": [
    0.33282017707824707,
    0.4105766713619232,
    0.2566031515598297
  ],
  "equity": 100.0,
  "paper_trade": {
    "open": false
  },
  "trade_log": []
}