{
  "pred": 0,
  "conf": 0.35824060440063477,
  "notified_conf": 0.0,
  "ts": "2026-07-06 20:30",
  "btc_price": 63758.4,
  "live_price": 63844.0,
  "probs": [
    0.35824060440063477,
    0.34972497820854187,
    0.29203444719314575
  ],
  "equity": 100.0,
  "paper_trade": {
    "open": false
  },
  "trade_log": []
}