{
  "pred": 1,
  "conf": 0.38056352734565735,
  "notified_conf": 0.0,
  "ts": "2026-07-07 15:35",
  "btc_price": 63764.48,
  "live_price": 63916.0,
  "probs": [
    0.3734726309776306,
    0.38056352734565735,
    0.24596381187438965
  ],
  "equity": 100.0,
  "paper_trade": {
    "open": false
  },
  "trade_log": []
}