{
  "pred": 1,
  "conf": 0.4212043583393097,
  "notified_conf": 0.0,
  "ts": "2026-07-08 10:50",
  "btc_price": 62152.01,
  "live_price": 62168.3,
  "probs": [
    0.2886159420013428,
    0.4212043583393097,
    0.2901797294616699
  ],
  "equity": 100.0,
  "paper_trade": {
    "open": false
  },
  "trade_log": []
}