{
  "pred": 1,
  "conf": 0.34887856245040894,
  "notified_conf": 0.0,
  "ts": "2026-07-07 21:25",
  "btc_price": 63436.01,
  "live_price": 63501.99,
  "probs": [
    0.34088364243507385,
    0.34887856245040894,
    0.3102378249168396
  ],
  "equity": 100.0,
  "paper_trade": {
    "open": false
  },
  "trade_log": []
}