{
  "pred": 1,
  "conf": 0.35254743695259094,
  "notified_conf": 0.0,
  "ts": "2026-07-07 01:45",
  "btc_price": 63946.0,
  "live_price": 63974.0,
  "probs": [
    0.3295608162879944,
    0.35254743695259094,
    0.31789177656173706
  ],
  "equity": 100.0,
  "paper_trade": {
    "open": false
  },
  "trade_log": []
}