{
  "pred": 1,
  "conf": 0.37936824560165405,
  "notified_conf": 0.0,
  "ts": "2026-07-07 12:30",
  "btc_price": 63702.99,
  "live_price": 63603.28,
  "probs": [
    0.3663094937801361,
    0.37936824560165405,
    0.2543222904205322
  ],
  "equity": 100.0,
  "paper_trade": {
    "open": false
  },
  "trade_log": []
}