{
  "pred": 2,
  "conf": 0.5013944506645203,
  "notified_conf": 0.0,
  "ts": "2026-07-05 16:35",
  "btc_price": 62654.01,
  "live_price": 62659.99,
  "probs": [
    0.2913401126861572,
    0.2072654813528061,
    0.5013944506645203
  ],
  "equity": 100.0,
  "paper_trade": {
    "open": false
  },
  "trade_log": []
}