{
  "pred": 2,
  "conf": 0.4148261547088623,
  "notified_conf": 0.0,
  "ts": "2026-07-05 22:55",
  "btc_price": 63636.71,
  "live_price": 63698.0,
  "probs": [
    0.39795008301734924,
    0.18722371757030487,
    0.4148261547088623
  ],
  "equity": 100.0,
  "paper_trade": {
    "open": false
  },
  "trade_log": []
}