{
  "pred": 0,
  "conf": 0.34955161809921265,
  "notified_conf": 0.0,
  "ts": "2026-07-07 00:30",
  "btc_price": 64250.0,
  "live_price": 64228.01,
  "probs": [
    0.34955161809921265,
    0.3302273154258728,
    0.32022106647491455
  ],
  "equity": 100.0,
  "paper_trade": {
    "open": false
  },
  "trade_log": []
}