{
  "pred": 1,
  "conf": 0.38123008608818054,
  "notified_conf": 0.0,
  "ts": "2026-07-06 13:15",
  "btc_price": 61640.02,
  "live_price": 61704.0,
  "probs": [
    0.3042149543762207,
    0.38123008608818054,
    0.31455495953559875
  ],
  "equity": 100.0,
  "paper_trade": {
    "open": false
  },
  "trade_log": []
}