{
  "pred": 2,
  "conf": 0.41244709491729736,
  "notified_conf": 0.0,
  "ts": "2026-07-06 00:05",
  "btc_price": 63710.01,
  "live_price": 63577.77,
  "probs": [
    0.4052121639251709,
    0.18234077095985413,
    0.41244709491729736
  ],
  "equity": 100.0,
  "paper_trade": {
    "open": false
  },
  "trade_log": []
}