{
  "pred": 1,
  "conf": 0.35117876529693604,
  "notified_conf": 0.0,
  "ts": "2026-07-07 19:15",
  "btc_price": 63532.9,
  "live_price": 63526.01,
  "probs": [
    0.34064048528671265,
    0.35117876529693604,
    0.3081807494163513
  ],
  "equity": 100.0,
  "paper_trade": {
    "open": false
  },
  "trade_log": []
}