{
  "pred": 2,
  "conf": 0.47272583842277527,
  "notified_conf": 0.0,
  "ts": "2026-07-06 07:00",
  "btc_price": 62976.0,
  "live_price": 62904.01,
  "probs": [
    0.27550292015075684,
    0.2517712712287903,
    0.47272583842277527
  ],
  "equity": 100.0,
  "paper_trade": {
    "open": false
  },
  "trade_log": []
}