{
  "pred": 2,
  "conf": 0.3516562879085541,
  "notified_conf": 0.0,
  "ts": "2026-07-08 00:50",
  "btc_price": 63615.53,
  "live_price": 63649.2,
  "probs": [
    0.3211436867713928,
    0.3272000253200531,
    0.3516562879085541
  ],
  "equity": 100.0,
  "paper_trade": {
    "open": false
  },
  "trade_log": []
}