{
  "pred": 2,
  "conf": 0.5236449837684631,
  "notified_conf": 0.0,
  "ts": "2026-07-06 02:00",
  "btc_price": 63576.0,
  "live_price": 63628.0,
  "probs": [
    0.315614253282547,
    0.16074076294898987,
    0.5236449837684631
  ],
  "equity": 100.0,
  "paper_trade": {
    "open": false
  },
  "trade_log": []
}