{
  "pred": 1,
  "conf": 0.40796804428100586,
  "notified_conf": 0.0,
  "ts": "2026-07-06 14:30",
  "btc_price": 62080.0,
  "live_price": 62013.79,
  "probs": [
    0.29865002632141113,
    0.40796804428100586,
    0.29338183999061584
  ],
  "equity": 100.0,
  "paper_trade": {
    "open": false
  },
  "trade_log": []
}