{
  "pred": 1,
  "conf": 0.37539517879486084,
  "notified_conf": 0.0,
  "ts": "2026-07-07 11:35",
  "btc_price": 63143.03,
  "live_price": 63143.04,
  "probs": [
    0.3190686106681824,
    0.37539517879486084,
    0.3055361807346344
  ],
  "equity": 100.0,
  "paper_trade": {
    "open": false
  },
  "trade_log": []
}