{
  "pred": 1,
  "conf": 0.3399711549282074,
  "notified_conf": 0.0,
  "ts": "2026-07-07 04:05",
  "btc_price": 63178.01,
  "live_price": 63185.98,
  "probs": [
    0.3239190876483917,
    0.3399711549282074,
    0.3361097276210785
  ],
  "equity": 100.0,
  "paper_trade": {
    "open": false
  },
  "trade_log": []
}