{
  "pred": 0,
  "conf": 0.36175593733787537,
  "notified_conf": 0.0,
  "ts": "2026-07-06 18:35",
  "btc_price": 63720.01,
  "live_price": 63844.0,
  "probs": [
    0.36175593733787537,
    0.35355547070503235,
    0.2846885919570923
  ],
  "equity": 100.0,
  "paper_trade": {
    "open": false
  },
  "trade_log": []
}