{
  "pred": 1,
  "conf": 0.36438482999801636,
  "notified_conf": 0.0,
  "ts": "2026-07-06 18:15",
  "btc_price": 63695.88,
  "live_price": 63713.3,
  "probs": [
    0.36010992527008057,
    0.36438482999801636,
    0.27550527453422546
  ],
  "equity": 100.0,
  "paper_trade": {
    "open": false
  },
  "trade_log": []
}