{
  "pred": 2,
  "conf": 0.35719093680381775,
  "notified_conf": 0.0,
  "ts": "2026-07-08 00:35",
  "btc_price": 63581.99,
  "live_price": 63652.0,
  "probs": [
    0.30761560797691345,
    0.3351934850215912,
    0.35719093680381775
  ],
  "equity": 100.0,
  "paper_trade": {
    "open": false
  },
  "trade_log": []
}