{
  "pred": 1,
  "conf": 0.41110482811927795,
  "notified_conf": 0.0,
  "ts": "2026-07-07 08:25",
  "btc_price": 63142.71,
  "live_price": 63086.0,
  "probs": [
    0.295171320438385,
    0.41110482811927795,
    0.29372385144233704
  ],
  "equity": 100.0,
  "paper_trade": {
    "open": false
  },
  "trade_log": []
}