{
  "pred": 2,
  "conf": 0.4511018991470337,
  "notified_conf": 0.0,
  "ts": "2026-07-06 01:15",
  "btc_price": 63806.0,
  "live_price": 63843.99,
  "probs": [
    0.3840236961841583,
    0.1648743599653244,
    0.4511018991470337
  ],
  "equity": 100.0,
  "paper_trade": {
    "open": false
  },
  "trade_log": []
}