{
  "pred": 0,
  "conf": 0.3962430953979492,
  "notified_conf": 0.0,
  "ts": "2026-07-06 16:50",
  "btc_price": 63683.99,
  "live_price": 63707.12,
  "probs": [
    0.3962430953979492,
    0.3572629690170288,
    0.24649402499198914
  ],
  "equity": 100.0,
  "paper_trade": {
    "open": false
  },
  "trade_log": []
}