{
  "pred": 2,
  "conf": 0.43042200803756714,
  "notified_conf": 0.0,
  "ts": "2026-07-06 08:05",
  "btc_price": 63163.8,
  "live_price": 63176.03,
  "probs": [
    0.3337363004684448,
    0.23584172129631042,
    0.43042200803756714
  ],
  "equity": 100.0,
  "paper_trade": {
    "open": false
  },
  "trade_log": []
}