{
  "pred": 1,
  "conf": 0.38284629583358765,
  "notified_conf": 0.0,
  "ts": "2026-07-07 06:45",
  "btc_price": 63263.99,
  "live_price": 63272.62,
  "probs": [
    0.3406524062156677,
    0.38284629583358765,
    0.27650129795074463
  ],
  "equity": 100.0,
  "paper_trade": {
    "open": false
  },
  "trade_log": []
}