{
  "pred": 1,
  "conf": 0.4089341163635254,
  "notified_conf": 0.0,
  "ts": "2026-07-08 10:15",
  "btc_price": 62004.63,
  "live_price": 61989.62,
  "probs": [
    0.30235058069229126,
    0.4089341163635254,
    0.28871533274650574
  ],
  "equity": 100.0,
  "paper_trade": {
    "open": false
  },
  "trade_log": []
}