{
  "pred": 2,
  "conf": 0.48469406366348267,
  "notified_conf": 0.0,
  "ts": "2026-07-06 07:20",
  "btc_price": 62970.0,
  "live_price": 62986.1,
  "probs": [
    0.2791281044483185,
    0.23617781698703766,
    0.48469406366348267
  ],
  "equity": 100.0,
  "paper_trade": {
    "open": false
  },
  "trade_log": []
}