{
  "pred": 0,
  "conf": 0.37230050563812256,
  "notified_conf": 0.0,
  "ts": "2026-07-06 23:20",
  "btc_price": 64180.0,
  "live_price": 64122.96,
  "probs": [
    0.37230050563812256,
    0.2942289710044861,
    0.33347058296203613
  ],
  "equity": 100.0,
  "paper_trade": {
    "open": false
  },
  "trade_log": []
}