{
  "pred": 0,
  "conf": 0.376867413520813,
  "notified_conf": 0.0,
  "ts": "2026-07-06 18:10",
  "btc_price": 63676.13,
  "live_price": 63751.91,
  "probs": [
    0.376867413520813,
    0.35380664467811584,
    0.26932594180107117
  ],
  "equity": 100.0,
  "paper_trade": {
    "open": false
  },
  "trade_log": []
}