{
  "pred": 0,
  "conf": 0.3794049918651581,
  "notified_conf": 0.0,
  "ts": "2026-07-06 21:45",
  "btc_price": 64223.41,
  "live_price": 64204.0,
  "probs": [
    0.3794049918651581,
    0.3666313886642456,
    0.2539635896682739
  ],
  "equity": 100.0,
  "paper_trade": {
    "open": false
  },
  "trade_log": []
}