{
  "pred": 1,
  "conf": 0.3426811397075653,
  "notified_conf": 0.0,
  "ts": "2026-07-07 02:35",
  "btc_price": 63499.99,
  "live_price": 63461.8,
  "probs": [
    0.32426878809928894,
    0.3426811397075653,
    0.33305007219314575
  ],
  "equity": 100.0,
  "paper_trade": {
    "open": false
  },
  "trade_log": []
}