{
  "pred": 2,
  "conf": 0.36285343766212463,
  "notified_conf": 0.0,
  "ts": "2026-07-07 23:55",
  "btc_price": 63386.0,
  "live_price": 63367.61,
  "probs": [
    0.2814837098121643,
    0.35566291213035583,
    0.36285343766212463
  ],
  "equity": 100.0,
  "paper_trade": {
    "open": false
  },
  "trade_log": []
}