{
  "pred": 0,
  "conf": 0.4048810303211212,
  "notified_conf": 0.0,
  "ts": "2026-07-07 16:35",
  "btc_price": 63995.99,
  "live_price": 63994.01,
  "probs": [
    0.4048810303211212,
    0.3396802842617035,
    0.2554386258125305
  ],
  "equity": 100.0,
  "paper_trade": {
    "open": false
  },
  "trade_log": []
}