{
  "pred": 2,
  "conf": 0.4242542088031769,
  "notified_conf": 0.0,
  "ts": "2026-07-06 09:35",
  "btc_price": 62684.02,
  "live_price": 62641.44,
  "probs": [
    0.28305783867836,
    0.29268795251846313,
    0.4242542088031769
  ],
  "equity": 100.0,
  "paper_trade": {
    "open": false
  },
  "trade_log": []
}