{
  "pred": 1,
  "conf": 0.3813454210758209,
  "notified_conf": 0.0,
  "ts": "2026-07-08 06:15",
  "btc_price": 62634.01,
  "live_price": 62602.99,
  "probs": [
    0.2762153744697571,
    0.3813454210758209,
    0.3424392342567444
  ],
  "equity": 100.0,
  "paper_trade": {
    "open": false
  },
  "trade_log": []
}