{
  "pred": 2,
  "conf": 0.46077752113342285,
  "notified_conf": 0.0,
  "ts": "2026-07-05 16:15",
  "btc_price": 62707.7,
  "live_price": 62722.0,
  "probs": [
    0.3271750807762146,
    0.21204738318920135,
    0.46077752113342285
  ],
  "equity": 100.0,
  "paper_trade": {
    "open": false
  },
  "trade_log": []
}