{
  "pred": 2,
  "conf": 0.3781968057155609,
  "notified_conf": 0.0,
  "ts": "2026-07-07 01:55",
  "btc_price": 63958.01,
  "live_price": 63940.0,
  "probs": [
    0.3151014745235443,
    0.30670166015625,
    0.3781968057155609
  ],
  "equity": 100.0,
  "paper_trade": {
    "open": false
  },
  "trade_log": []
}