{
  "pred": 0,
  "conf": 0.37633615732192993,
  "notified_conf": 0.0,
  "ts": "2026-07-06 12:05",
  "btc_price": 61920.01,
  "live_price": 62012.0,
  "probs": [
    0.37633615732192993,
    0.34149643778800964,
    0.2821674048900604
  ],
  "equity": 100.0,
  "paper_trade": {
    "open": false
  },
  "trade_log": []
}