{
  "pred": 1,
  "conf": 0.37362655997276306,
  "notified_conf": 0.0,
  "ts": "2026-07-08 06:40",
  "btc_price": 62518.22,
  "live_price": 62546.01,
  "probs": [
    0.3065744936466217,
    0.37362655997276306,
    0.3197989761829376
  ],
  "equity": 100.0,
  "paper_trade": {
    "open": false
  },
  "trade_log": []
}