{
  "pred": 2,
  "conf": 0.5283799767494202,
  "notified_conf": 0.0,
  "ts": "2026-07-05 18:05",
  "btc_price": 62664.55,
  "live_price": 62679.99,
  "probs": [
    0.26837146282196045,
    0.203248530626297,
    0.5283799767494202
  ],
  "equity": 100.0,
  "paper_trade": {
    "open": false
  },
  "trade_log": []
}