{
  "pred": 2,
  "conf": 0.3666931092739105,
  "notified_conf": 0.0,
  "ts": "2026-07-07 23:50",
  "btc_price": 63422.0,
  "live_price": 63440.0,
  "probs": [
    0.2844511866569519,
    0.34885573387145996,
    0.3666931092739105
  ],
  "equity": 100.0,
  "paper_trade": {
    "open": false
  },
  "trade_log": []
}