{
  "pred": 0,
  "conf": 0.39980003237724304,
  "notified_conf": 0.0,
  "ts": "2026-07-05 23:15",
  "btc_price": 63978.0,
  "live_price": 63987.99,
  "probs": [
    0.39980003237724304,
    0.2229103446006775,
    0.37728968262672424
  ],
  "equity": 100.0,
  "paper_trade": {
    "open": false
  },
  "trade_log": []
}