{
  "pred": 0,
  "conf": 0.38347363471984863,
  "notified_conf": 0.0,
  "ts": "2026-07-06 22:50",
  "btc_price": 64290.0,
  "live_price": 64286.48,
  "probs": [
    0.38347363471984863,
    0.33143725991249084,
    0.28508904576301575
  ],
  "equity": 100.0,
  "paper_trade": {
    "open": false
  },
  "trade_log": []
}