{
  "pred": 1,
  "conf": 0.373252809047699,
  "notified_conf": 0.0,
  "ts": "2026-07-06 13:40",
  "btc_price": 61518.0,
  "live_price": 61570.61,
  "probs": [
    0.30385950207710266,
    0.373252809047699,
    0.32288771867752075
  ],
  "equity": 100.0,
  "paper_trade": {
    "open": false
  },
  "trade_log": []
}