{
  "pred": 1,
  "conf": 0.37252533435821533,
  "notified_conf": 0.0,
  "ts": "2026-07-07 13:55",
  "btc_price": 63120.0,
  "live_price": 63055.99,
  "probs": [
    0.3555079698562622,
    0.37252533435821533,
    0.27196672558784485
  ],
  "equity": 100.0,
  "paper_trade": {
    "open": false
  },
  "trade_log": []
}