{
  "pred": 2,
  "conf": 0.5148278474807739,
  "notified_conf": 0.0,
  "ts": "2026-07-05 16:25",
  "btc_price": 62720.0,
  "live_price": 62683.58,
  "probs": [
    0.3000198006629944,
    0.18515238165855408,
    0.5148278474807739
  ],
  "equity": 100.0,
  "paper_trade": {
    "open": false
  },
  "trade_log": []
}