{
  "pred": 1,
  "conf": 0.365189790725708,
  "notified_conf": 0.0,
  "ts": "2026-07-07 07:25",
  "btc_price": 63282.0,
  "live_price": 63248.29,
  "probs": [
    0.35219910740852356,
    0.365189790725708,
    0.28261107206344604
  ],
  "equity": 100.0,
  "paper_trade": {
    "open": false
  },
  "trade_log": []
}