{
  "pred": 1,
  "conf": 0.41160762310028076,
  "notified_conf": 0.0,
  "ts": "2026-07-07 08:15",
  "btc_price": 63122.01,
  "live_price": 63148.0,
  "probs": [
    0.28995728492736816,
    0.41160762310028076,
    0.2984350919723511
  ],
  "equity": 100.0,
  "paper_trade": {
    "open": false
  },
  "trade_log": []
}