{
  "pred": 2,
  "conf": 0.5715768337249756,
  "notified_conf": 0.0,
  "ts": "2026-07-05 19:20",
  "btc_price": 62846.76,
  "live_price": 62826.5,
  "probs": [
    0.30724185705184937,
    0.12118133157491684,
    0.5715768337249756
  ],
  "equity": 100.0,
  "paper_trade": {
    "open": false
  },
  "trade_log": []
}