{
  "pred": 1,
  "conf": 0.40583792328834534,
  "notified_conf": 0.0,
  "ts": "2026-07-08 10:20",
  "btc_price": 62020.38,
  "live_price": 62039.02,
  "probs": [
    0.3037909269332886,
    0.40583792328834534,
    0.29037123918533325
  ],
  "equity": 100.0,
  "paper_trade": {
    "open": false
  },
  "trade_log": []
}