{
  "pred": 0,
  "conf": 0.3788803517818451,
  "notified_conf": 0.0,
  "ts": "2026-07-06 23:15",
  "btc_price": 64269.53,
  "live_price": 64198.0,
  "probs": [
    0.3788803517818451,
    0.3187682032585144,
    0.3023514449596405
  ],
  "equity": 100.0,
  "paper_trade": {
    "open": false
  },
  "trade_log": []
}