{
  "pred": 1,
  "conf": 0.38629189133644104,
  "notified_conf": 0.0,
  "ts": "2026-07-08 05:10",
  "btc_price": 62838.77,
  "live_price": 62815.57,
  "probs": [
    0.2655794024467468,
    0.38629189133644104,
    0.34812867641448975
  ],
  "equity": 100.0,
  "paper_trade": {
    "open": false
  },
  "trade_log": []
}