{
  "pred": 2,
  "conf": 0.3509311079978943,
  "notified_conf": 0.0,
  "ts": "2026-07-07 22:30",
  "btc_price": 63457.99,
  "live_price": 63435.79,
  "probs": [
    0.29912588000297546,
    0.34994301199913025,
    0.3509311079978943
  ],
  "equity": 100.0,
  "paper_trade": {
    "open": false
  },
  "trade_log": []
}