{
  "pred": 1,
  "conf": 0.38838738203048706,
  "notified_conf": 0.0,
  "ts": "2026-07-07 08:45",
  "btc_price": 63102.0,
  "live_price": 63092.01,
  "probs": [
    0.30378827452659607,
    0.38838738203048706,
    0.30782440304756165
  ],
  "equity": 100.0,
  "paper_trade": {
    "open": false
  },
  "trade_log": []
}