{
  "pred": 1,
  "conf": 0.386396586894989,
  "notified_conf": 0.0,
  "ts": "2026-07-08 09:45",
  "btc_price": 62145.99,
  "live_price": 62111.63,
  "probs": [
    0.31412190198898315,
    0.386396586894989,
    0.2994815707206726
  ],
  "equity": 100.0,
  "paper_trade": {
    "open": false
  },
  "trade_log": []
}