{
  "pred": 2,
  "conf": 0.35439929366111755,
  "notified_conf": 0.0,
  "ts": "2026-07-07 20:40",
  "btc_price": 63654.37,
  "live_price": 63676.0,
  "probs": [
    0.3031836748123169,
    0.34241703152656555,
    0.35439929366111755
  ],
  "equity": 100.0,
  "paper_trade": {
    "open": false
  },
  "trade_log": []
}