{
  "pred": 2,
  "conf": 0.48823070526123047,
  "notified_conf": 0.0,
  "ts": "2026-07-06 07:55",
  "btc_price": 63076.01,
  "live_price": 63092.0,
  "probs": [
    0.3091394007205963,
    0.202629953622818,
    0.48823070526123047
  ],
  "equity": 100.0,
  "paper_trade": {
    "open": false
  },
  "trade_log": []
}