{
  "pred": 2,
  "conf": 0.4307781159877777,
  "notified_conf": 0.0,
  "ts": "2026-07-06 06:10",
  "btc_price": 63114.0,
  "live_price": 63086.0,
  "probs": [
    0.3140448331832886,
    0.2551770508289337,
    0.4307781159877777
  ],
  "equity": 100.0,
  "paper_trade": {
    "open": false
  },
  "trade_log": []
}