{
  "pred": 1,
  "conf": 0.3582286834716797,
  "notified_conf": 0.0,
  "ts": "2026-07-07 20:25",
  "btc_price": 63736.0,
  "live_price": 63729.99,
  "probs": [
    0.3336685299873352,
    0.3582286834716797,
    0.3081027865409851
  ],
  "equity": 100.0,
  "paper_trade": {
    "open": false
  },
  "trade_log": []
}