{
  "pred": 2,
  "conf": 0.5363907217979431,
  "notified_conf": 0.0,
  "ts": "2026-07-05 16:55",
  "btc_price": 62629.99,
  "live_price": 62644.57,
  "probs": [
    0.2766662538051605,
    0.18694303929805756,
    0.5363907217979431
  ],
  "equity": 100.0,
  "paper_trade": {
    "open": false
  },
  "trade_log": []
}