{
  "pred": 0,
  "conf": 0.3557755649089813,
  "notified_conf": 0.0,
  "ts": "2026-07-07 00:55",
  "btc_price": 64255.99,
  "live_price": 64201.25,
  "probs": [
    0.3557755649089813,
    0.3362688422203064,
    0.3079555630683899
  ],
  "equity": 100.0,
  "paper_trade": {
    "open": false
  },
  "trade_log": []
}