{
  "pred": 2,
  "conf": 0.5614298582077026,
  "notified_conf": 0.0,
  "ts": "2026-07-05 19:05",
  "btc_price": 62812.13,
  "live_price": 62812.13,
  "probs": [
    0.3009561002254486,
    0.13761401176452637,
    0.5614298582077026
  ],
  "equity": 100.0,
  "paper_trade": {
    "open": false
  },
  "trade_log": []
}