{
  "pred": 1,
  "conf": 0.3480634391307831,
  "notified_conf": 0.0,
  "ts": "2026-07-07 03:25",
  "btc_price": 63349.99,
  "live_price": 63366.0,
  "probs": [
    0.32527726888656616,
    0.3480634391307831,
    0.32665929198265076
  ],
  "equity": 100.0,
  "paper_trade": {
    "open": false
  },
  "trade_log": []
}