{
  "pred": 1,
  "conf": 0.3511088192462921,
  "notified_conf": 0.0,
  "ts": "2026-07-07 04:50",
  "btc_price": 63077.01,
  "live_price": 63083.67,
  "probs": [
    0.3182823657989502,
    0.3511088192462921,
    0.33060887455940247
  ],
  "equity": 100.0,
  "paper_trade": {
    "open": false
  },
  "trade_log": []
}