{
  "pred": 1,
  "conf": 0.3626982271671295,
  "notified_conf": 0.0,
  "ts": "2026-07-07 14:15",
  "btc_price": 62978.01,
  "live_price": 63058.0,
  "probs": [
    0.3502909243106842,
    0.3626982271671295,
    0.28701087832450867
  ],
  "equity": 100.0,
  "paper_trade": {
    "open": false
  },
  "trade_log": []
}