{
  "pred": 2,
  "conf": 0.34377849102020264,
  "notified_conf": 0.0,
  "ts": "2026-07-06 11:25",
  "btc_price": 62873.99,
  "live_price": 62881.97,
  "probs": [
    0.34296825528144836,
    0.3132532238960266,
    0.34377849102020264
  ],
  "equity": 100.0,
  "paper_trade": {
    "open": false
  },
  "trade_log": []
}