{
  "pred": 2,
  "conf": 0.4776294529438019,
  "notified_conf": 0.0,
  "ts": "2026-07-05 18:00",
  "btc_price": 62624.93,
  "live_price": 62616.01,
  "probs": [
    0.3002071678638458,
    0.22216343879699707,
    0.4776294529438019
  ],
  "equity": 100.0,
  "paper_trade": {
    "open": false
  },
  "trade_log": []
}