{
  "pred": 0,
  "conf": 0.35678690671920776,
  "notified_conf": 0.0,
  "ts": "2026-07-06 19:10",
  "btc_price": 63700.01,
  "live_price": 63748.0,
  "probs": [
    0.35678690671920776,
    0.35637012124061584,
    0.286842942237854
  ],
  "equity": 100.0,
  "paper_trade": {
    "open": false
  },
  "trade_log": []
}