{
  "pred": 2,
  "conf": 0.40164846181869507,
  "notified_conf": 0.0,
  "ts": "2026-07-06 10:30",
  "btc_price": 62882.01,
  "live_price": 62876.01,
  "probs": [
    0.3265758752822876,
    0.2717756927013397,
    0.40164846181869507
  ],
  "equity": 100.0,
  "paper_trade": {
    "open": false
  },
  "trade_log": []
}