{
  "pred": 2,
  "conf": 0.35990071296691895,
  "notified_conf": 0.0,
  "ts": "2026-07-08 00:00",
  "btc_price": 63363.99,
  "live_price": 63333.96,
  "probs": [
    0.2884156107902527,
    0.35168370604515076,
    0.35990071296691895
  ],
  "equity": 100.0,
  "paper_trade": {
    "open": false
  },
  "trade_log": []
}