{
  "pred": 0,
  "conf": 0.35202065110206604,
  "notified_conf": 0.0,
  "ts": "2026-07-06 21:05",
  "btc_price": 63812.62,
  "live_price": 63837.99,
  "probs": [
    0.35202065110206604,
    0.3216143250465393,
    0.3263649642467499
  ],
  "equity": 100.0,
  "paper_trade": {
    "open": false
  },
  "trade_log": []
}