{
  "pred": 1,
  "conf": 0.34437042474746704,
  "notified_conf": 0.0,
  "ts": "2026-07-07 03:20",
  "btc_price": 63302.0,
  "live_price": 63323.99,
  "probs": [
    0.3236308693885803,
    0.34437042474746704,
    0.33199867606163025
  ],
  "equity": 100.0,
  "paper_trade": {
    "open": false
  },
  "trade_log": []
}