{
  "pred": 1,
  "conf": 0.37027499079704285,
  "notified_conf": 0.0,
  "ts": "2026-07-08 03:15",
  "btc_price": 63071.14,
  "live_price": 63000.0,
  "probs": [
    0.30136916041374207,
    0.37027499079704285,
    0.3283557891845703
  ],
  "equity": 100.0,
  "paper_trade": {
    "open": false
  },
  "trade_log": []
}