{
  "pred": 2,
  "conf": 0.545031726360321,
  "notified_conf": 0.0,
  "ts": "2026-07-05 18:55",
  "btc_price": 62836.46,
  "live_price": 62820.32,
  "probs": [
    0.29271116852760315,
    0.1622571498155594,
    0.545031726360321
  ],
  "equity": 100.0,
  "paper_trade": {
    "open": false
  },
  "trade_log": []
}