{
  "pred": 1,
  "conf": 0.3674170970916748,
  "notified_conf": 0.0,
  "ts": "2026-07-06 14:00",
  "btc_price": 61768.21,
  "live_price": 61846.91,
  "probs": [
    0.3208233416080475,
    0.3674170970916748,
    0.3117595314979553
  ],
  "equity": 100.0,
  "paper_trade": {
    "open": false
  },
  "trade_log": []
}