{
  "pred": 2,
  "conf": 0.37175339460372925,
  "notified_conf": 0.0,
  "ts": "2026-07-06 11:00",
  "btc_price": 62822.06,
  "live_price": 62834.61,
  "probs": [
    0.32873114943504333,
    0.29951542615890503,
    0.37175339460372925
  ],
  "equity": 100.0,
  "paper_trade": {
    "open": false
  },
  "trade_log": []
}