{
  "pred": 1,
  "conf": 0.3558838963508606,
  "notified_conf": 0.0,
  "ts": "2026-07-07 01:25",
  "btc_price": 63998.01,
  "live_price": 63941.99,
  "probs": [
    0.34716424345970154,
    0.3558838963508606,
    0.2969517707824707
  ],
  "equity": 100.0,
  "paper_trade": {
    "open": false
  },
  "trade_log": []
}