{
  "pred": 2,
  "conf": 0.4557671546936035,
  "notified_conf": 0.0,
  "ts": "2026-07-05 22:15",
  "btc_price": 63220.0,
  "live_price": 63306.0,
  "probs": [
    0.33982959389686584,
    0.20440322160720825,
    0.4557671546936035
  ],
  "equity": 100.0,
  "paper_trade": {
    "open": false
  },
  "trade_log": []
}