{
  "pred": 0,
  "conf": 0.3515249192714691,
  "notified_conf": 0.0,
  "ts": "2026-07-06 20:10",
  "btc_price": 63601.01,
  "live_price": 63593.12,
  "probs": [
    0.3515249192714691,
    0.341789573431015,
    0.3066854774951935
  ],
  "equity": 100.0,
  "paper_trade": {
    "open": false
  },
  "trade_log": []
}