{
  "pred": 2,
  "conf": 0.3550299406051636,
  "notified_conf": 0.0,
  "ts": "2026-07-07 04:45",
  "btc_price": 63154.19,
  "live_price": 63158.0,
  "probs": [
    0.29635336995124817,
    0.34861665964126587,
    0.3550299406051636
  ],
  "equity": 100.0,
  "paper_trade": {
    "open": false
  },
  "trade_log": []
}