{
  "pred": 2,
  "conf": 0.5132854580879211,
  "notified_conf": 0.0,
  "ts": "2026-07-06 06:30",
  "btc_price": 63033.99,
  "live_price": 63009.6,
  "probs": [
    0.26949435472488403,
    0.21722017228603363,
    0.5132854580879211
  ],
  "equity": 100.0,
  "paper_trade": {
    "open": false
  },
  "trade_log": []
}