{
  "pred": 1,
  "conf": 0.3984339237213135,
  "notified_conf": 0.0,
  "ts": "2026-07-07 08:50",
  "btc_price": 63081.67,
  "live_price": 63064.66,
  "probs": [
    0.29262009263038635,
    0.3984339237213135,
    0.3089459538459778
  ],
  "equity": 100.0,
  "paper_trade": {
    "open": false
  },
  "trade_log": []
}