{
  "pred": 0,
  "conf": 0.37208878993988037,
  "notified_conf": 0.0,
  "ts": "2026-07-06 22:35",
  "btc_price": 64182.91,
  "live_price": 64199.99,
  "probs": [
    0.37208878993988037,
    0.3244897127151489,
    0.3034214377403259
  ],
  "equity": 100.0,
  "paper_trade": {
    "open": false
  },
  "trade_log": []
}