{
  "pred": 0,
  "conf": 0.36309534311294556,
  "notified_conf": 0.0,
  "ts": "2026-07-06 12:00",
  "btc_price": 62483.84,
  "live_price": 62167.0,
  "probs": [
    0.36309534311294556,
    0.3580189645290375,
    0.27888569235801697
  ],
  "equity": 100.0,
  "paper_trade": {
    "open": false
  },
  "trade_log": []
}