{
  "pred": 2,
  "conf": 0.5137022137641907,
  "notified_conf": 0.0,
  "ts": "2026-07-05 21:25",
  "btc_price": 62882.01,
  "live_price": 62917.99,
  "probs": [
    0.29910314083099365,
    0.1871946007013321,
    0.5137022137641907
  ],
  "equity": 100.0,
  "paper_trade": {
    "open": false
  },
  "trade_log": []
}