{
  "pred": 0,
  "conf": 0.37921014428138733,
  "notified_conf": 0.0,
  "ts": "2026-07-06 16:35",
  "btc_price": 63600.68,
  "live_price": 63646.01,
  "probs": [
    0.37921014428138733,
    0.3757459223270416,
    0.24504385888576508
  ],
  "equity": 100.0,
  "paper_trade": {
    "open": false
  },
  "trade_log": []
}