{
  "pred": 1,
  "conf": 0.3513603210449219,
  "notified_conf": 0.0,
  "ts": "2026-07-08 02:55",
  "btc_price": 62939.46,
  "live_price": 62949.99,
  "probs": [
    0.3357945382595062,
    0.3513603210449219,
    0.3128451406955719
  ],
  "equity": 100.0,
  "paper_trade": {
    "open": false
  },
  "trade_log": []
}