{
  "pred": 1,
  "conf": 0.38426634669303894,
  "notified_conf": 0.0,
  "ts": "2026-07-08 04:25",
  "btc_price": 62894.0,
  "live_price": 62883.95,
  "probs": [
    0.28126266598701477,
    0.38426634669303894,
    0.33447104692459106
  ],
  "equity": 100.0,
  "paper_trade": {
    "open": false
  },
  "trade_log": []
}