{
  "pred": 1,
  "conf": 0.38377368450164795,
  "notified_conf": 0.0,
  "ts": "2026-07-08 08:55",
  "btc_price": 62144.65,
  "live_price": 62086.01,
  "probs": [
    0.3320079445838928,
    0.38377368450164795,
    0.2842184007167816
  ],
  "equity": 100.0,
  "paper_trade": {
    "open": false
  },
  "trade_log": []
}