{
  "pred": 1,
  "conf": 0.3474850058555603,
  "notified_conf": 0.0,
  "ts": "2026-07-08 01:30",
  "btc_price": 63425.37,
  "live_price": 63442.0,
  "probs": [
    0.3195655047893524,
    0.3474850058555603,
    0.3329494297504425
  ],
  "equity": 100.0,
  "paper_trade": {
    "open": false
  },
  "trade_log": []
}