{
  "pred": 2,
  "conf": 0.492895245552063,
  "notified_conf": 0.0,
  "ts": "2026-07-06 01:20",
  "btc_price": 63804.0,
  "live_price": 63766.0,
  "probs": [
    0.36480626463890076,
    0.14229841530323029,
    0.492895245552063
  ],
  "equity": 100.0,
  "paper_trade": {
    "open": false
  },
  "trade_log": []
}