{
  "pred": 2,
  "conf": 0.3996703028678894,
  "notified_conf": 0.0,
  "ts": "2026-07-06 08:15",
  "btc_price": 63060.0,
  "live_price": 63037.52,
  "probs": [
    0.35213950276374817,
    0.24819020926952362,
    0.3996703028678894
  ],
  "equity": 100.0,
  "paper_trade": {
    "open": false
  },
  "trade_log": []
}