{
  "pred": 0,
  "conf": 0.3681616187095642,
  "notified_conf": 0.0,
  "ts": "2026-07-07 18:35",
  "btc_price": 63993.98,
  "live_price": 64022.01,
  "probs": [
    0.3681616187095642,
    0.34096559882164,
    0.2908727526664734
  ],
  "equity": 100.0,
  "paper_trade": {
    "open": false
  },
  "trade_log": []
}