{
  "pred": 0,
  "conf": 0.4254046082496643,
  "notified_conf": 0.0,
  "ts": "2026-07-07 18:00",
  "btc_price": 64186.0,
  "live_price": 64132.0,
  "probs": [
    0.4254046082496643,
    0.31337469816207886,
    0.2612207233905792
  ],
  "equity": 100.0,
  "paper_trade": {
    "open": false
  },
  "trade_log": []
}