{
  "pred": 2,
  "conf": 0.3801289498806,
  "notified_conf": 0.0,
  "ts": "2026-07-06 23:45",
  "btc_price": 64067.99,
  "live_price": 64096.0,
  "probs": [
    0.3279021680355072,
    0.2919689118862152,
    0.3801289498806
  ],
  "equity": 100.0,
  "paper_trade": {
    "open": false
  },
  "trade_log": []
}