{
  "pred": 1,
  "conf": 0.38305220007896423,
  "notified_conf": 0.0,
  "ts": "2026-07-07 10:05",
  "btc_price": 63430.0,
  "live_price": 63410.01,
  "probs": [
    0.36553895473480225,
    0.38305220007896423,
    0.2514088749885559
  ],
  "equity": 100.0,
  "paper_trade": {
    "open": false
  },
  "trade_log": []
}