{
  "pred": 0,
  "conf": 0.37710198760032654,
  "notified_conf": 0.0,
  "ts": "2026-07-06 18:00",
  "btc_price": 63587.38,
  "live_price": 63574.0,
  "probs": [
    0.37710198760032654,
    0.34487271308898926,
    0.2780252695083618
  ],
  "equity": 100.0,
  "paper_trade": {
    "open": false
  },
  "trade_log": []
}