{
  "pred": 1,
  "conf": 0.3926510214805603,
  "notified_conf": 0.0,
  "ts": "2026-07-06 13:55",
  "btc_price": 61907.65,
  "live_price": 61883.99,
  "probs": [
    0.3010355234146118,
    0.3926510214805603,
    0.3063134551048279
  ],
  "equity": 100.0,
  "paper_trade": {
    "open": false
  },
  "trade_log": []
}