{
  "pred": 2,
  "conf": 0.4462631642818451,
  "notified_conf": 0.0,
  "ts": "2026-07-06 08:25",
  "btc_price": 63064.0,
  "live_price": 63069.99,
  "probs": [
    0.3355449438095093,
    0.21819186210632324,
    0.4462631642818451
  ],
  "equity": 100.0,
  "paper_trade": {
    "open": false
  },
  "trade_log": []
}