{
  "pred": 2,
  "conf": 0.49374035000801086,
  "notified_conf": 0.0,
  "ts": "2026-07-06 00:20",
  "btc_price": 63508.0,
  "live_price": 63522.0,
  "probs": [
    0.34250083565711975,
    0.16375885903835297,
    0.49374035000801086
  ],
  "equity": 100.0,
  "paper_trade": {
    "open": false
  },
  "trade_log": []
}