{
  "pred": 1,
  "conf": 0.37045302987098694,
  "notified_conf": 0.0,
  "ts": "2026-07-08 08:05",
  "btc_price": 62896.0,
  "live_price": 62820.51,
  "probs": [
    0.31706541776657104,
    0.37045302987098694,
    0.31248152256011963
  ],
  "equity": 100.0,
  "paper_trade": {
    "open": false
  },
  "trade_log": []
}