{
  "pred": 0,
  "conf": 0.38891395926475525,
  "notified_conf": 0.0,
  "ts": "2026-07-07 12:35",
  "btc_price": 63596.24,
  "live_price": 63565.99,
  "probs": [
    0.38891395926475525,
    0.36912813782691956,
    0.241957888007164
  ],
  "equity": 100.0,
  "paper_trade": {
    "open": false
  },
  "trade_log": []
}