{
  "pred": 1,
  "conf": 0.36617881059646606,
  "notified_conf": 0.0,
  "ts": "2026-07-08 09:05",
  "btc_price": 62110.0,
  "live_price": 62069.18,
  "probs": [
    0.35703906416893005,
    0.36617881059646606,
    0.2767821252346039
  ],
  "equity": 100.0,
  "paper_trade": {
    "open": false
  },
  "trade_log": []
}