{
  "pred": 0,
  "conf": 0.41572216153144836,
  "notified_conf": 0.0,
  "ts": "2026-07-07 17:35",
  "btc_price": 64154.19,
  "live_price": 64160.0,
  "probs": [
    0.41572216153144836,
    0.34455129504203796,
    0.23972658812999725
  ],
  "equity": 100.0,
  "paper_trade": {
    "open": false
  },
  "trade_log": []
}