{
  "pred": 2,
  "conf": 0.4176095724105835,
  "notified_conf": 0.0,
  "ts": "2026-07-06 09:40",
  "btc_price": 62630.85,
  "live_price": 62700.01,
  "probs": [
    0.28233426809310913,
    0.300056129693985,
    0.4176095724105835
  ],
  "equity": 100.0,
  "paper_trade": {
    "open": false
  },
  "trade_log": []
}