{
  "pred": 0,
  "conf": 0.36196666955947876,
  "notified_conf": 0.0,
  "ts": "2026-07-06 11:50",
  "btc_price": 62949.99,
  "live_price": 62948.09,
  "probs": [
    0.36196666955947876,
    0.2912183105945587,
    0.3468150496482849
  ],
  "equity": 100.0,
  "paper_trade": {
    "open": false
  },
  "trade_log": []
}