{
  "pred": 2,
  "conf": 0.5147390365600586,
  "notified_conf": 0.0,
  "ts": "2026-07-06 06:40",
  "btc_price": 63019.01,
  "live_price": 63038.0,
  "probs": [
    0.2624214291572571,
    0.22283951938152313,
    0.5147390365600586
  ],
  "equity": 100.0,
  "paper_trade": {
    "open": false
  },
  "trade_log": []
}