{
  "pred": 1,
  "conf": 0.40152713656425476,
  "notified_conf": 0.0,
  "ts": "2026-07-07 09:05",
  "btc_price": 63166.66,
  "live_price": 63131.74,
  "probs": [
    0.3049725890159607,
    0.40152713656425476,
    0.29350024461746216
  ],
  "equity": 100.0,
  "paper_trade": {
    "open": false
  },
  "trade_log": []
}